episode,seed,gt_readout_regret,pred_readout_regret,pred_l2_regret,prediction_gap,metric_gap,baseline_regret,targeted_regret,repair_improvement,baseline_raw_cost,targeted_raw_cost,baseline_selection_gap_raw,targeted_selection_gap_raw,baseline_coverage_gap_raw,targeted_coverage_gap_raw
0,20360830,0.0,0.0,0.0,0.0,0.0,0.0,0.0,0.0,1.0,1.0,0.0,0.0,0.0,0.0
1,20360831,0.25330338308071776,0.08092599579362757,0.7893211661669287,-0.17237738728709018,0.7083951703733011,0.860892459676518,0.2753421711482756,0.5855502885282423,0.9306416511535645,0.6386891007423401,0.25182074308395386,0.1372842788696289,0.17741608619689941,0.0
2,20360832,0.0,0.6035534394280826,0.6035534394280826,0.6035534394280826,0.0,0.6035534394280826,0.6035534394280826,0.0,0.8623375296592712,0.8623375296592712,0.20957845449447632,0.09289324283599854,0.0,0.11668521165847778
3,20360833,0.0,0.0,0.0,0.0,0.0,0.0,0.0,0.0,1.0,1.0,0.0,0.0,0.0,0.0
4,20360834,0.0149814004548016,0.470117362030111,0.7340795294569711,0.4551359615753094,0.2639621674268601,0.7340795294569711,0.3938102526491814,0.34026927680778973,0.8317867517471313,0.6165426969528198,0.46435651183128357,0.21776273846626282,0.0,0.03134971857070923
5,20360835,0.19138622223166066,0.27463236004293845,0.773802157889704,0.08324613781127779,0.4991697978467655,0.773802157889704,0.5610522828789508,0.2127498750107532,0.8876276612281799,0.7819361090660095,0.38441550731658936,0.023269712924957275,0.0,0.25545424222946167
6,20360836,0.27347486940758453,0.9726664172683528,0.9837958592117833,0.6991915478607682,0.011129441943430463,0.9837958592117833,0.8424408434117757,0.14135501580000753,0.9942761659622192,0.9443449378013611,0.34750896692276,0.26566916704177856,0.0,0.03190857172012329
7,20360837,0.099158620798014,0.008327048521367052,0.008327048521367052,-0.09083157227664695,0.0,0.008731021137486753,0.008731021137486753,0.0,0.8194250464439392,0.8194250464439392,0.0015162825584411621,0.0015904903411865234,7.420778274536133e-05,0.0
8,20360838,0.0,0.0,0.0,0.0,0.0,0.0,0.0,0.0,1.0,1.0,0.0,0.0,0.0,0.0
9,20360839,0.281567250093886,0.2247431216947504,0.11545948741311696,-0.056824128399135615,-0.10928363428163343,0.3946518949675737,0.3628450267173522,0.03180686825022146,0.6574478149414062,0.6394490599632263,0.044713497161865234,0.2053254246711731,0.1786106824874878,0.0
10,20360840,0.4359917543217787,0.23663150339712383,0.25143905252599486,-0.1993602509246549,0.014807549128871028,0.25143905252599486,0.23663150339712383,0.014807549128871004,0.6620696187019348,0.65538489818573,0.1135096549987793,0.05650293827056885,0.0,0.050321996212005615
11,20360841,0.0,0.0,0.0,0.0,0.0,0.0,0.0,0.0,1.0,1.0,0.0,0.0,0.0,0.0
12,20360842,0.09039643594551938,0.15836042744674744,0.174258588262613,0.06796399150122806,0.015898160815865564,0.5815137301353388,0.3608052442565864,0.22070848587875241,0.8571408987045288,0.7817974090576172,0.030145585536956787,0.1231684684753418,0.16836637258529663,0.0
13,20360843,1.0,1.0,1.0,0.0,0.0,1.0,1.0,0.0,1.0,1.0,0.1028028130531311,0.0,0.0,0.1028028130531311
14,20360844,0.03897247848457494,0.03897247848457494,0.00204552085037067,0.0,-0.03692695763420427,0.00204552085037067,0.03897247848457494,-0.03692695763420427,0.7141485214233398,0.7247257828712463,0.0005859136581420898,0.010628879070281982,0.0,0.0005342960357666016
15,20360845,0.0,0.6278047222277021,0.4331350100450909,0.6278047222277021,-0.1946697121826112,0.6353581952208244,0.49211120473938985,0.14324699048143455,0.7763513922691345,0.6884925961494446,0.38968920707702637,0.07262510061264038,0.0,0.22920531034469604
16,20360846,0.33089358979547395,0.4056375089508194,1.0,0.07474391915534545,0.5943624910491806,1.0,0.4407658515192235,0.5592341484807765,1.0,0.6973077058792114,0.5412621796131134,0.23566502332687378,0.0,0.00290486216545105
17,20360847,0.13664637156368115,0.4909385449742989,0.13872555794824323,0.35429217341061775,-0.35221298702605564,0.14731118515839256,0.5277179230379626,-0.3804067378795701,0.3232112228870392,0.625144362449646,0.11692255735397339,0.17928200960159302,0.0,0.23957368731498718
18,20360848,0.2819786296091534,0.20167886766387533,0.5238551882661185,-0.08029976194527805,0.3221763206022432,0.5265814712927565,0.21085839159043449,0.315723079702322,0.7335202693939209,0.5558047890663147,0.29640430212020874,0.09703558683395386,0.0,0.02165323495864868
19,20360849,0.2058651683922136,1.0,1.0,0.7941348316077864,0.0,1.0,1.0,0.0,1.0,1.0,0.1456770896911621,0.01945948600769043,0.0,0.12621760368347168
20,20360850,0.40718591617046523,0.6128807408892702,0.4143273190866988,0.205694824718805,-0.19855342180257146,0.4044287611007492,1.0,-0.5955712388992508,0.6538899540901184,1.0,0.23502957820892334,0.0,0.0,0.5811396241188049
21,20360851,0.10890288163587376,0.48414771445162497,0.6916934282181864,0.3752448328157512,0.2075457137665614,0.733097094553525,0.4391522290253048,0.29394486552822024,0.8236732482910156,0.6294814944267273,0.39330151677131653,0.29012155532836914,0.09101179242134094,0.0
22,20360852,0.14703783032540785,0.1348131292543885,0.23537524158959997,-0.012224701071019362,0.10056211233521148,0.23537524158959997,0.17137767696943876,0.0639975646201612,0.6014711260795593,0.5681150555610657,0.12267956137657166,0.08567690849304199,0.0,0.0036465823650360107
23,20360853,0.1343720490339391,0.6376259338772294,0.54230370629676,0.5032538848432904,-0.09532222758046949,0.5422816763507574,0.4570366878965285,0.08524498845422894,0.7572713494300842,0.7120658159255981,0.2875727117061615,0.17338663339614868,0.0,0.06898054480552673
24,20360854,0.037506116090218755,0.12510783875513917,0.049753917311198236,0.08760172266492042,-0.07535392144394093,0.04516669589926144,0.20721067664560033,-0.16204398074633888,0.5372903347015381,0.6158164143562317,0.021887660026550293,0.09993201494216919,0.0,0.00048172473907470703
25,20360855,0.0,0.2521177689587546,0.38740358965935784,0.2521177689587546,0.13528582070060324,0.41281458187846803,0.11579291457062163,0.2970216673078464,0.4422805607318878,0.16016395390033722,0.3501475006341934,0.10998222604393959,0.04195133224129677,0.0
26,20360856,0.27447958446975773,0.9539868442162682,0.9997449729932082,0.6795072597465105,0.045758128776939966,0.9999278036258623,0.9539868442162682,0.0459409594095941,0.9999871253967285,0.9917945861816406,0.1783146858215332,0.020232856273651123,0.0,0.1498892903327942
27,20360857,0.4273432885999215,0.0,0.9924737654286245,-0.4273432885999215,0.9924737654286245,0.994812507378761,0.5789993919405201,0.41581311543824095,0.9964132905006409,0.7089139223098755,0.4729742407798767,0.40032878518104553,0.2148539125919342,0.0
28,20360858,0.0,0.0,0.0,0.0,0.0,0.049956289626640143,0.11301063602357048,-0.06305434639693033,0.8307422399520874,0.8419758677482605,0.0,0.02013373374938965,0.008900105953216553,0.0
29,20360859,0.0,0.0,0.0,0.0,0.0,1.0,1.0,0.0,1.0,1.0,0.0,0.010074973106384277,0.010074973106384277,0.0
