audit_role,audit_rank,episode,seed,gt_readout_regret,pred_readout_regret,pred_l2_regret,prediction_gap,metric_gap,baseline_regret,targeted_regret,repair_improvement,baseline_raw_cost,targeted_raw_cost,baseline_selection_gap_raw,targeted_selection_gap_raw,baseline_coverage_gap_raw,targeted_coverage_gap_raw,score
most_harmed,1,20.0,20360850.0,0.4071859161704652,0.6128807408892702,0.4143273190866988,0.205694824718805,-0.1985534218025714,0.4044287611007492,1.0,-0.5955712388992508,0.6538899540901184,1.0,0.2350295782089233,0.0,0.0,0.5811396241188049,
most_harmed,2,17.0,20360847.0,0.1366463715636811,0.4909385449742989,0.1387255579482432,0.3542921734106177,-0.3522129870260556,0.1473111851583925,0.5277179230379626,-0.3804067378795701,0.3232112228870392,0.625144362449646,0.1169225573539733,0.179282009601593,0.0,0.2395736873149871,
most_harmed,3,24.0,20360854.0,0.0375061160902187,0.1251078387551391,0.0497539173111982,0.0876017226649204,-0.0753539214439409,0.0451666958992614,0.2072106766456003,-0.1620439807463388,0.5372903347015381,0.6158164143562317,0.0218876600265502,0.0999320149421691,0.0,0.0004817247390747,
most_harmed,4,28.0,20360858.0,0.0,0.0,0.0,0.0,0.0,0.0499562896266401,0.1130106360235704,-0.0630543463969303,0.8307422399520874,0.8419758677482605,0.0,0.0201337337493896,0.0089001059532165,0.0,
most_harmed,5,14.0,20360844.0,0.0389724784845749,0.0389724784845749,0.0020455208503706,0.0,-0.0369269576342042,0.0020455208503706,0.0389724784845749,-0.0369269576342042,0.7141485214233398,0.7247257828712463,0.000585913658142,0.0106288790702819,0.0,0.0005342960357666,
most_helped,1,1.0,20360831.0,0.2533033830807177,0.0809259957936275,0.7893211661669287,-0.1723773872870901,0.7083951703733011,0.860892459676518,0.2753421711482756,0.5855502885282423,0.9306416511535645,0.6386891007423401,0.2518207430839538,0.1372842788696289,0.1774160861968994,0.0,
most_helped,2,16.0,20360846.0,0.3308935897954739,0.4056375089508194,1.0,0.0747439191553454,0.5943624910491806,1.0,0.4407658515192235,0.5592341484807765,1.0,0.6973077058792114,0.5412621796131134,0.2356650233268737,0.0,0.002904862165451,
most_helped,3,27.0,20360857.0,0.4273432885999215,0.0,0.9924737654286244,-0.4273432885999215,0.9924737654286244,0.994812507378761,0.5789993919405201,0.4158131154382409,0.9964132905006408,0.7089139223098755,0.4729742407798767,0.4003287851810455,0.2148539125919342,0.0,
most_helped,4,4.0,20360834.0,0.0149814004548016,0.470117362030111,0.7340795294569711,0.4551359615753094,0.2639621674268601,0.7340795294569711,0.3938102526491814,0.3402692768077897,0.8317867517471313,0.6165426969528198,0.4643565118312835,0.2177627384662628,0.0,0.0313497185707092,
most_helped,5,18.0,20360848.0,0.2819786296091534,0.2016788676638753,0.5238551882661185,-0.080299761945278,0.3221763206022432,0.5265814712927565,0.2108583915904344,0.315723079702322,0.7335202693939209,0.5558047890663147,0.2964043021202087,0.0970355868339538,0.0,0.0216532349586486,
prediction_dominant,1,15.0,20360845.0,0.0,0.6278047222277021,0.4331350100450909,0.6278047222277021,-0.1946697121826112,0.6353581952208244,0.4921112047393898,0.1432469904814345,0.7763513922691345,0.6884925961494446,0.3896892070770263,0.0726251006126403,0.0,0.229205310344696,0.8224744344103133
prediction_dominant,2,19.0,20360849.0,0.2058651683922136,1.0,1.0,0.7941348316077864,0.0,1.0,1.0,0.0,1.0,1.0,0.1456770896911621,0.0194594860076904,0.0,0.1262176036834716,0.7941348316077864
prediction_dominant,3,17.0,20360847.0,0.1366463715636811,0.4909385449742989,0.1387255579482432,0.3542921734106177,-0.3522129870260556,0.1473111851583925,0.5277179230379626,-0.3804067378795701,0.3232112228870392,0.625144362449646,0.1169225573539733,0.179282009601593,0.0,0.2395736873149871,0.7065051604366732
prediction_dominant,4,6.0,20360836.0,0.2734748694075845,0.9726664172683528,0.9837958592117833,0.6991915478607682,0.0111294419434304,0.9837958592117833,0.8424408434117757,0.1413550158000075,0.9942761659622192,0.9443449378013612,0.34750896692276,0.2656691670417785,0.0,0.0319085717201232,0.6880621059173379
prediction_dominant,5,26.0,20360856.0,0.2744795844697577,0.9539868442162682,0.9997449729932082,0.6795072597465105,0.0457581287769399,0.9999278036258624,0.9539868442162682,0.0459409594095941,0.9999871253967284,0.9917945861816406,0.1783146858215332,0.0202328562736511,0.0,0.1498892903327942,0.6337491309695706
metric_dominant,1,27.0,20360857.0,0.4273432885999215,0.0,0.9924737654286244,-0.4273432885999215,0.9924737654286244,0.994812507378761,0.5789993919405201,0.4158131154382409,0.9964132905006408,0.7089139223098755,0.4729742407798767,0.4003287851810455,0.2148539125919342,0.0,1.419817054028546
metric_dominant,2,1.0,20360831.0,0.2533033830807177,0.0809259957936275,0.7893211661669287,-0.1723773872870901,0.7083951703733011,0.860892459676518,0.2753421711482756,0.5855502885282423,0.9306416511535645,0.6386891007423401,0.2518207430839538,0.1372842788696289,0.1774160861968994,0.0,0.8807725576603912
metric_dominant,3,16.0,20360846.0,0.3308935897954739,0.4056375089508194,1.0,0.0747439191553454,0.5943624910491806,1.0,0.4407658515192235,0.5592341484807765,1.0,0.6973077058792114,0.5412621796131134,0.2356650233268737,0.0,0.002904862165451,0.5196185718938352
metric_dominant,4,5.0,20360835.0,0.1913862222316606,0.2746323600429384,0.773802157889704,0.0832461378112777,0.4991697978467655,0.773802157889704,0.5610522828789508,0.2127498750107532,0.8876276612281799,0.7819361090660095,0.3844155073165893,0.0232697129249572,0.0,0.2554542422294616,0.4159236600354878
metric_dominant,5,18.0,20360848.0,0.2819786296091534,0.2016788676638753,0.5238551882661185,-0.080299761945278,0.3221763206022432,0.5265814712927565,0.2108583915904344,0.315723079702322,0.7335202693939209,0.5558047890663147,0.2964043021202087,0.0970355868339538,0.0,0.0216532349586486,0.4024760825475212
