anchor_state,baseline_regret,targeted_regret,targeted_improvement,baseline_selected_index,targeted_selected_index,reference_oracle_index,wrong_layer_regret,wrong_layer_improvement,wrong_layer_selected_index,predictor_score_delta_bf16_to_fp32
0,0.11082404851913452,0.0,0.11082404851913452,38,54,45,0.11082404851913452,0.0,38,0.0012170158
1,0.4382612705230713,0.00811237096786499,0.4301488995552063,29,9,10,0.4778801202774048,-0.039618849754333496,68,0.0009408218
2,0.14737415313720703,0.14737415313720703,0.0,39,79,5,0.07880842685699463,0.0685657262802124,9,0.0013736611
3,0.33698761463165283,0.002565622329711914,0.3344219923019409,27,10,11,0.33698761463165283,0.0,27,0.0031728914
4,0.07971763610839844,0.0014519691467285156,0.07826566696166992,79,13,12,0.07971763610839844,0.0,76,0.0013847218
5,0.1702185869216919,0.005108475685119629,0.16511011123657227,68,31,30,0.1702185869216919,0.0,67,0.002303183
6,0.1859571933746338,0.03444015979766846,0.15151703357696533,73,22,29,0.1859571933746338,0.0,71,0.0018948485
7,0.2647979259490967,0.10156607627868652,0.16323184967041016,40,0,31,0.2647979259490967,0.0,40,0.002080277
8,0.299788236618042,0.009227633476257324,0.29056060314178467,2,79,19,0.299788236618042,0.0,2,0.0017693911
9,0.16584110260009766,0.1379222869873047,0.02791881561279297,43,45,46,0.16584110260009766,0.0,43,0.0022620743
10,0.0070702433586120605,0.048127830028533936,-0.041057586669921875,42,57,38,0.0070702433586120605,0.0,42,0.0019550177
11,0.026858031749725342,0.03579294681549072,-0.00893491506576538,78,36,42,0.026858031749725342,0.0,78,0.0017493742
12,0.07659631967544556,0.008026421070098877,0.06856989860534668,22,42,44,0.06910187005996704,0.007494449615478516,14,0.0010359912
13,0.3243809938430786,0.20345836877822876,0.12092262506484985,0,3,8,0.3243809938430786,0.0,0,0.001824521
14,0.0,0.07680875062942505,-0.07680875062942505,31,80,31,0.0,0.0,31,0.0016630947
15,0.09960556030273438,0.1646745204925537,-0.06506896018981934,39,8,19,0.0992196798324585,0.0003858804702758789,37,0.001453672
16,0.0,0.0,0.0,76,54,46,0.0,0.0,76,0.0015062594
17,0.13155561685562134,0.0,0.13155561685562134,68,0,0,0.13155561685562134,0.0,70,0.00087513746
18,0.05049467086791992,0.03007572889328003,0.020418941974639893,80,61,55,0.05049467086791992,0.0,80,0.0018183184
19,0.05189305543899536,0.05189305543899536,0.0,34,44,9,0.05189305543899536,0.0,31,0.0018917205
20,0.11726856231689453,0.18981873989105225,-0.07255017757415771,20,15,25,0.11726856231689453,0.0,20,0.0020072595
21,0.1842947006225586,0.0,0.1842947006225586,41,66,60,0.17744123935699463,0.006853461265563965,42,0.0016293953
22,0.0,0.0,0.0,57,76,49,0.0,0.0,58,0.0017864093
23,0.000928342342376709,0.04042208194732666,-0.03949373960494995,9,15,8,0.000928342342376709,0.0,9,0.0019822356
24,0.0,0.03934597969055176,-0.03934597969055176,80,73,76,0.0,0.0,80,0.0018532791
25,0.03687781095504761,0.18486535549163818,-0.14798754453659058,42,34,37,0.03687781095504761,0.0,41,0.0018795814
26,0.0,0.0,0.0,59,58,45,0.0,0.0,59,0.00430873
27,0.360246479511261,0.057287395000457764,0.3029590845108032,2,69,43,0.360246479511261,0.0,2,0.0017316164
28,0.1112317442893982,0.008707165718078613,0.10252457857131958,16,66,30,0.1112317442893982,0.0,16,0.0015921608
29,0.15215247869491577,0.03406792879104614,0.11808454990386963,80,57,52,0.15215247869491577,0.0,77,0.0021738403
30,0.03890746831893921,0.0,0.03890746831893921,28,44,41,0.03890746831893921,0.0,28,0.0015758754
31,0.025579988956451416,0.013077139854431152,0.012502849102020264,12,17,0,0.03244394063949585,-0.006863951683044434,11,0.00096458197
32,0.0,0.0,0.0,39,51,24,0.0,0.0,37,0.0008284501
33,0.004194855690002441,0.003922760486602783,0.0002720952033996582,38,34,54,0.0042119622230529785,-1.710653305053711e-05,39,0.0008621385
34,0.14372682571411133,0.14372682571411133,0.0,0,0,8,0.14372682571411133,0.0,0,0.001953256
35,0.5058517456054688,0.026722490787506104,0.47912925481796265,13,54,55,0.37780988216400146,0.12804186344146729,5,0.0026528644
36,0.43190068006515503,0.0,0.43190068006515503,45,15,15,0.43190068006515503,0.0,45,0.0023026245
37,0.21559488773345947,0.0,0.21559488773345947,22,44,37,0.21559488773345947,0.0,22,0.0010281234
38,0.2291317582130432,0.199770987033844,0.02936077117919922,34,54,13,0.2291317582130432,0.0,34,0.0020080805
39,0.10632246732711792,0.034701764583587646,0.07162070274353027,2,34,37,0.10632246732711792,0.0,2,0.0017192313
40,0.08302909135818481,0.0029938817024230957,0.08003520965576172,27,74,65,0.08302909135818481,0.0,27,0.0015595615
41,0.19576406478881836,0.14952069520950317,0.046243369579315186,36,3,63,0.19576406478881836,0.0,36,0.0015261872
42,0.07525068521499634,0.06351423263549805,0.011736452579498291,0,6,13,0.07525068521499634,0.0,0,0.0011833906
43,0.08849102258682251,0.030232548713684082,0.05825847387313843,10,1,0,0.1086118221282959,-0.02012079954147339,9,0.001388818
44,0.03407937288284302,0.001248002052307129,0.03283137083053589,3,0,10,0.014225482940673828,0.01985388994216919,1,0.0024447066
45,0.06509751081466675,0.08290350437164307,-0.01780599355697632,33,50,40,0.06509751081466675,0.0,33,0.0022560593
46,0.4047163724899292,0.0,0.4047163724899292,50,79,71,0.4373583197593689,-0.0326419472694397,48,0.0031153897
47,0.31877845525741577,0.17252111434936523,0.14625734090805054,0,64,39,0.31877845525741577,0.0,0,0.00290677
48,0.0,0.0,0.0,80,58,58,0.0,0.0,80,0.0016703805
49,0.10653030872344971,0.036283135414123535,0.07024717330932617,2,70,23,0.10653030872344971,0.0,2,0.001311255
50,0.22390127182006836,0.22390127182006836,0.0,16,43,0,0.22390127182006836,0.0,16,0.0011142566
51,0.13566523790359497,7.110834121704102e-05,0.13559412956237793,7,27,26,0.13566523790359497,0.0,7,0.0012499801
52,0.05172306299209595,0.05172306299209595,0.0,15,19,4,0.05172306299209595,0.0,15,0.0016757732
53,0.35113751888275146,0.019397735595703125,0.33173978328704834,14,80,42,0.35113751888275146,0.0,14,0.0013326568
54,0.0,0.002911806106567383,-0.002911806106567383,80,43,44,0.0,0.0,80,0.0027938772
55,0.014550745487213135,0.011659026145935059,0.002891719341278076,27,22,18,0.015016019344329834,-0.0004652738571166992,26,0.0019805226
56,0.0,0.0,0.0,80,78,61,0.0,0.0,80,0.0022136695
57,0.3638765811920166,0.023036420345306396,0.3408401608467102,0,22,11,0.3638765811920166,0.0,0,0.0016328648
58,0.05054795742034912,0.05054795742034912,0.0,69,80,45,0.05054795742034912,0.0,69,0.002679855
59,0.0,0.0,0.0,69,80,37,0.0,0.0,60,0.0012244435
60,0.06784582138061523,0.06070542335510254,0.007140398025512695,31,37,28,0.06784582138061523,0.0,31,0.002310581
61,0.07074892520904541,0.0020949840545654297,0.06865394115447998,80,5,4,0.07074892520904541,0.0,80,0.001324898
62,0.0,0.1295163631439209,-0.1295163631439209,56,51,56,0.0,0.0,56,0.0023675442
63,0.0,0.0,0.0,62,80,40,0.0,0.0,63,0.0011575789
64,0.05640441179275513,0.015928804874420166,0.04047560691833496,17,59,7,0.03484988212585449,0.021554529666900635,25,0.001047556
65,0.08319836854934692,0.05498307943344116,0.02821528911590576,6,34,29,0.08319836854934692,0.0,6,0.0019179377
66,0.0,0.0,0.0,21,25,11,0.0,0.0,21,0.0016135735
67,0.12605583667755127,0.0,0.12605583667755127,10,38,36,0.12605583667755127,0.0,9,0.0012232617
68,1.4781951904296875e-05,1.4781951904296875e-05,0.0,80,78,49,1.4781951904296875e-05,0.0,80,0.001414299
69,0.034612298011779785,0.01255124807357788,0.022061049938201904,51,80,56,0.034612298011779785,0.0,51,0.00222088
70,0.0,0.0,0.0,80,64,34,0.0,0.0,80,0.0008534789
71,0.1095917820930481,0.10930848121643066,0.00028330087661743164,1,35,51,0.1095917820930481,0.0,0,0.0027136677
72,0.008217155933380127,0.09488403797149658,-0.08666688203811646,0,80,4,0.008217155933380127,0.0,0,0.0038277374
73,0.0,0.03453010320663452,-0.03453010320663452,1,7,1,0.0,0.0,1,0.0010456976
74,0.0,0.0,0.0,80,80,25,0.0,0.0,80,0.0013986531
75,0.06485384702682495,0.04519718885421753,0.019656658172607422,65,71,78,0.06404280662536621,0.0008110404014587402,66,0.0023085254
76,0.1580977439880371,0.002412557601928711,0.1556851863861084,0,80,50,0.1580977439880371,0.0,0,0.0015367232
77,0.3012712001800537,0.0,0.3012712001800537,0,78,36,0.3012712001800537,0.0,0,0.0011634805
78,0.10992151498794556,0.0,0.10992151498794556,0,80,38,0.10992151498794556,0.0,0,0.0011030245
79,0.07307475805282593,0.07307475805282593,0.0,47,80,25,0.07307475805282593,0.0,47,0.0029014382
80,0.3009577989578247,0.024639487266540527,0.2763183116912842,42,13,4,0.29198217391967773,0.008975625038146973,41,0.0025492855
81,0.03347289562225342,0.0850411057472229,-0.05156821012496948,12,18,9,0.022603988647460938,0.01086890697479248,11,0.0010903125
82,0.307492733001709,0.0,0.307492733001709,46,32,32,0.307492733001709,0.0,46,0.0030795615
83,0.08208400011062622,0.09140270948410034,-0.009318709373474121,48,23,19,0.0893908143043518,-0.007306814193725586,38,0.0014158561
84,0.10027259588241577,0.0,0.10027259588241577,14,18,18,0.2239970564842224,-0.12372446060180664,12,0.0024770156
85,0.0,0.0,0.0,80,75,73,0.0,0.0,80,0.00172908
86,0.39369213581085205,0.08207786083221436,0.3116142749786377,0,34,39,0.39369213581085205,0.0,0,0.0015309954
87,0.3350197672843933,0.09997892379760742,0.2350408434867859,1,80,14,0.21417087316513062,0.1208488941192627,5,0.0012190327
88,0.0856713056564331,0.030943095684051514,0.05472820997238159,53,60,57,0.0856713056564331,0.0,53,0.0016357958
89,0.05705463886260986,0.0,0.05705463886260986,0,71,52,0.05705463886260986,0.0,0,0.001582638
90,0.11499464511871338,0.0,0.11499464511871338,63,25,25,0.11634719371795654,-0.001352548599243164,62,0.0011294123
91,0.13459956645965576,0.14009422063827515,-0.005494654178619385,3,0,23,0.13459956645965576,0.0,3,0.0026509408
92,0.0,0.0,0.0,61,80,35,0.0,0.0,53,0.0012094077
93,0.07899600267410278,0.0003371238708496094,0.07865887880325317,4,9,10,0.07899600267410278,0.0,4,0.0013071343
94,0.3918156623840332,0.0024284720420837402,0.38938719034194946,49,61,63,0.3918156623840332,0.0,49,0.002584676
95,0.04574263095855713,0.0010861754417419434,0.044656455516815186,51,64,61,0.04574263095855713,0.0,51,0.0015979998
96,0.029976069927215576,0.004477977752685547,0.02549809217453003,0,6,8,0.02250152826309204,0.007474541664123535,1,0.0026467943
97,0.28718817234039307,0.047490596771240234,0.23969757556915283,3,60,51,0.28718817234039307,0.0,3,0.0016720089
98,0.12843918800354004,0.0,0.12843918800354004,10,33,33,0.12843918800354004,0.0,10,0.0015779262
99,0.0005525946617126465,0.0019580721855163574,-0.001405477523803711,75,55,63,0.0005525946617126465,0.0,74,0.0014744725
