anchor_state,baseline_regret,targeted_regret,targeted_improvement,baseline_selected_index,targeted_selected_index,reference_oracle_index
0,0.11082404851913452,0.0,0.11082404851913452,38,54,45
1,0.4382612705230713,0.00811237096786499,0.4301488995552063,29,9,10
2,0.14737415313720703,0.14737415313720703,0.0,39,79,5
3,0.33698761463165283,0.002565622329711914,0.3344219923019409,27,10,11
4,0.07971763610839844,0.0014519691467285156,0.07826566696166992,79,13,12
5,0.1702185869216919,0.005108475685119629,0.16511011123657227,68,31,30
6,0.1859571933746338,0.03444015979766846,0.15151703357696533,73,22,29
7,0.2647979259490967,0.10156607627868652,0.16323184967041016,40,0,31
8,0.299788236618042,0.009227633476257324,0.29056060314178467,2,79,19
9,0.16584110260009766,0.1379222869873047,0.02791881561279297,43,45,46
10,0.0070702433586120605,0.048127830028533936,-0.041057586669921875,42,57,38
11,0.026858031749725342,0.03579294681549072,-0.00893491506576538,78,36,42
12,0.07659631967544556,0.008026421070098877,0.06856989860534668,22,42,44
13,0.3243809938430786,0.20345836877822876,0.12092262506484985,0,3,8
14,0.0,0.07680875062942505,-0.07680875062942505,31,80,31
15,0.09960556030273438,0.1646745204925537,-0.06506896018981934,39,8,19
16,0.0,0.0,0.0,76,54,46
17,0.13155561685562134,0.0,0.13155561685562134,68,0,0
18,0.05049467086791992,0.03007572889328003,0.020418941974639893,80,61,55
19,0.05189305543899536,0.05189305543899536,0.0,34,44,9
20,0.11726856231689453,0.18981873989105225,-0.07255017757415771,20,15,25
21,0.1842947006225586,0.0,0.1842947006225586,41,66,60
22,0.0,0.0,0.0,57,76,49
23,0.000928342342376709,0.04042208194732666,-0.03949373960494995,9,15,8
24,0.0,0.03934597969055176,-0.03934597969055176,80,73,76
25,0.03687781095504761,0.18486535549163818,-0.14798754453659058,42,34,37
26,0.0,0.0,0.0,59,58,45
27,0.360246479511261,0.057287395000457764,0.3029590845108032,2,69,43
28,0.1112317442893982,0.008707165718078613,0.10252457857131958,16,66,30
29,0.15215247869491577,0.03406792879104614,0.11808454990386963,80,57,52
30,0.03890746831893921,0.0,0.03890746831893921,28,44,41
31,0.025579988956451416,0.013077139854431152,0.012502849102020264,12,17,0
32,0.0,0.0,0.0,39,51,24
33,0.004194855690002441,0.003922760486602783,0.0002720952033996582,38,34,54
34,0.14372682571411133,0.14372682571411133,0.0,0,0,8
35,0.5058517456054688,0.026722490787506104,0.47912925481796265,13,54,55
36,0.43190068006515503,0.0,0.43190068006515503,45,15,15
37,0.21559488773345947,0.0,0.21559488773345947,22,44,37
38,0.2291317582130432,0.199770987033844,0.02936077117919922,34,54,13
39,0.10632246732711792,0.034701764583587646,0.07162070274353027,2,34,37
40,0.08302909135818481,0.0029938817024230957,0.08003520965576172,27,74,65
41,0.19576406478881836,0.14952069520950317,0.046243369579315186,36,3,63
42,0.07525068521499634,0.06351423263549805,0.011736452579498291,0,6,13
43,0.08849102258682251,0.030232548713684082,0.05825847387313843,10,1,0
44,0.03407937288284302,0.001248002052307129,0.03283137083053589,3,0,10
45,0.06509751081466675,0.08290350437164307,-0.01780599355697632,33,50,40
46,0.4047163724899292,0.0,0.4047163724899292,50,79,71
47,0.31877845525741577,0.17252111434936523,0.14625734090805054,0,64,39
48,0.0,0.0,0.0,80,58,58
49,0.10653030872344971,0.036283135414123535,0.07024717330932617,2,70,23
50,0.22390127182006836,0.22390127182006836,0.0,16,43,0
51,0.13566523790359497,7.110834121704102e-05,0.13559412956237793,7,27,26
52,0.05172306299209595,0.05172306299209595,0.0,15,19,4
53,0.35113751888275146,0.019397735595703125,0.33173978328704834,14,80,42
54,0.0,0.002911806106567383,-0.002911806106567383,80,43,44
55,0.014550745487213135,0.011659026145935059,0.002891719341278076,27,22,18
56,0.0,0.0,0.0,80,78,61
57,0.3638765811920166,0.023036420345306396,0.3408401608467102,0,22,11
58,0.05054795742034912,0.05054795742034912,0.0,69,80,45
59,0.0,0.0,0.0,69,80,37
60,0.06784582138061523,0.06070542335510254,0.007140398025512695,31,37,28
61,0.07074892520904541,0.0020949840545654297,0.06865394115447998,80,5,4
62,0.0,0.1295163631439209,-0.1295163631439209,56,51,56
63,0.0,0.0,0.0,62,80,40
64,0.05640441179275513,0.015928804874420166,0.04047560691833496,17,59,7
65,0.08319836854934692,0.05498307943344116,0.02821528911590576,6,34,29
66,0.0,0.0,0.0,21,25,11
67,0.12605583667755127,0.0,0.12605583667755127,10,38,36
68,1.4781951904296875e-05,1.4781951904296875e-05,0.0,80,78,49
69,0.034612298011779785,0.01255124807357788,0.022061049938201904,51,80,56
70,0.0,0.0,0.0,80,64,34
71,0.1095917820930481,0.10930848121643066,0.00028330087661743164,1,35,51
72,0.008217155933380127,0.09488403797149658,-0.08666688203811646,0,80,4
73,0.0,0.03453010320663452,-0.03453010320663452,1,7,1
74,0.0,0.0,0.0,80,80,25
75,0.06485384702682495,0.04519718885421753,0.019656658172607422,65,71,78
76,0.1580977439880371,0.002412557601928711,0.1556851863861084,0,80,50
77,0.3012712001800537,0.0,0.3012712001800537,0,78,36
78,0.10992151498794556,0.0,0.10992151498794556,0,80,38
79,0.07307475805282593,0.07307475805282593,0.0,47,80,25
80,0.3009577989578247,0.024639487266540527,0.2763183116912842,42,13,4
81,0.03347289562225342,0.0850411057472229,-0.05156821012496948,12,18,9
82,0.307492733001709,0.0,0.307492733001709,46,32,32
83,0.08208400011062622,0.09140270948410034,-0.009318709373474121,48,23,19
84,0.10027259588241577,0.0,0.10027259588241577,14,18,18
85,0.0,0.0,0.0,80,75,73
86,0.39369213581085205,0.08207786083221436,0.3116142749786377,0,34,39
87,0.3350197672843933,0.09997892379760742,0.2350408434867859,1,80,14
88,0.0856713056564331,0.030943095684051514,0.05472820997238159,53,60,57
89,0.05705463886260986,0.0,0.05705463886260986,0,71,52
90,0.11499464511871338,0.0,0.11499464511871338,63,25,25
91,0.13459956645965576,0.14009422063827515,-0.005494654178619385,3,0,23
92,0.0,0.0,0.0,61,80,35
93,0.07899600267410278,0.0003371238708496094,0.07865887880325317,4,9,10
94,0.3918156623840332,0.0024284720420837402,0.38938719034194946,49,61,63
95,0.04574263095855713,0.0010861754417419434,0.044656455516815186,51,64,61
96,0.029976069927215576,0.004477977752685547,0.02549809217453003,0,6,8
97,0.28718817234039307,0.047490596771240234,0.23969757556915283,3,60,51
98,0.12843918800354004,0.0,0.12843918800354004,10,33,33
99,0.0005525946617126465,0.0019580721855163574,-0.001405477523803711,75,55,63
