anchor,seed,wall_x,door_y,cost_range_pixels,gt_readout_rho,gt_readout_normalized_regret,pred_readout_rho,pred_readout_normalized_regret,pred_l2_rho,pred_l2_normalized_regret,g_pred,g_metric,g_search,g_select
0,1100000,26,24,24.57923968201294,0.9996149959030891,0.0,-0.04577943073000882,0.7113663122631823,0.8152401024399972,0.06988477937879067,0.7113663122631823,-0.6414815328843916,9.554926838645223e-07,0.09822545789004394
1,1100001,29,42,35.08395842221944,0.9887373568090555,9.673961619396483e-08,0.03536893471039229,0.33418563181754685,-0.03911490562799542,0.2956807817913454,0.33418553507793064,-0.03850485002620145,2.7004506874897074e-07,0.4005157126227539
2,1100002,32,18,28.668980062007904,0.9881533101045299,0.0,0.09024390243902441,0.7180668777137023,0.20383275261324046,0.7180668777137023,0.7180668777137023,0.0,0.05292379489616854,0.0
3,1100003,35,36,20.07657851849399,0.663470173687737,5.026765009285345e-07,0.3391986062717771,0.9593660754674848,-0.2628919860627178,0.9984659757465321,0.9593655727909838,0.0390999002790473,1.2194201226439033e-06,0.970266527137066
4,1100004,38,30,33.97628652419553,0.9926816669255265,1.109469246399191e-07,0.8226480836236936,0.542859779637663,0.6930313588850175,0.17782801403224746,0.5428596686907383,-0.36503176560541545,0.052801877112071974,0.1250261369201755
5,1100005,38,48,12.152165412902832,0.9534387395254125,0.005882454962221215,-0.6529616724738677,0.4772532701472533,0.02543554006968642,0.1330928095646142,0.47137081518503204,-0.34416046058263905,0.0014312767800337596,0.14122333748663624
6,1100006,26,24,30.482029417600643,0.9956445993031361,0.0,0.4742160278745645,0.6388259077309654,0.35313588850174227,0.6392768705395224,0.6388259077309654,0.00045096280855704614,0.013734831495171013,0.627161675694371
7,1100007,29,42,22.193722224856174,0.9503397948765703,0.0,-0.08240418118466901,0.9062069294074816,0.24860627177700353,0.9062069294074816,0.9062069294074816,0.0,0.03599420229863214,0.8705271848900523
8,1100008,32,18,17.462649822235107,0.9425087108013939,0.0,0.5019163763066203,0.8406385524524975,0.667247386759582,0.8314983213155017,0.8406385524524975,-0.009140231136995854,0.0,0.8406385524524975
9,1100009,35,36,22.22710897017896,0.9766126596513736,7.658132895687744e-07,0.4479367711787035,0.865941860093863,-0.34641613567355956,0.9301831615108923,0.8659410942805734,0.06424130141702927,0.0,0.03181317958490559
10,1100010,38,30,7.930889129638672,0.9642826030141999,0.013213582262924867,0.8616228938004435,0.0,0.48582255370792377,0.7856212136880812,-0.013213582262924867,0.7856212136880812,0.0033616557681809107,0.7292736774513175
11,1100011,38,48,44.07820429586718,0.9735191637630665,0.0,-0.13571428571428576,0.9354492829493444,-0.3604529616724739,0.9354492829493444,0.9354492829493444,0.0,0.06378677068542664,0.910357996089836
12,1100012,26,24,26.47683073644839,0.9841241994705853,4.770890636657411e-07,-0.013497186520259023,0.6415804842575689,0.7816098012186362,3.879679060596661e-08,0.6415800071685052,-0.6415804454607783,3.879679060596661e-08,0.0
13,1100013,29,42,25.2421476595473,0.9053413752278573,0.0,0.6684382646043927,0.4761348993373835,-0.6046613081796773,0.4794288761444143,0.4761348993373835,0.0032939768070307887,0.0,0.4761348993373835
14,1100014,32,18,22.83128092485913,0.9151420246959567,1.9533563464958675e-07,-0.3599303135888503,1.0,0.6486062717770036,0.5079187959388226,0.9999998046643653,-0.4920812040611774,0.0,0.5099924512856027
15,1100015,35,36,33.929223653382905,0.9962077397978908,0.0,0.01036811176849879,9.416391551629959e-07,0.7160967279436267,0.15129828817659935,9.416391551629959e-07,0.15129734653744417,8.973463662465218e-07,0.25894198459126666
16,1100016,38,30,41.16202889787837,0.9981254816789639,1.046313681804822e-07,0.26968641114982583,0.034636706273352004,0.8142857142857144,0.07861021132795684,0.03463660164198382,0.04397350505460484,1.046313681804822e-07,2.3138448583139125e-07
17,1100017,38,48,33.6493926758385,0.992454023217064,3.802018645577055e-07,0.3560414683777668,0.7096693741809013,-0.5467375227645862,0.7096693741809013,0.7096689939790367,0.0,0.0,0.6753651607406638
18,1100018,26,24,9.486526489257812,0.8349816849816849,0.0,-0.4115572031564067,0.831641089319923,0.17166079524015054,0.831641089319923,0.831641089319923,0.0,0.0,0.8500460022293388
19,1100019,29,42,20.18893889011997,0.9192852551833336,1.0189859198708864e-06,0.4646482358101181,0.0,0.4020910572405203,0.0,-1.0189859198708864e-06,0.0,9.447449071718343e-07,0.0
20,1100020,32,18,41.420669941076085,0.998257551310574,2.140723113153879e-08,0.7130662020905925,0.7940668713178576,0.679268292682927,0.7940668713178576,0.7940668499106264,0.0,0.041728284281297295,0.7461939109141178
21,1100021,35,36,18.89051888198037,0.8963835273597117,0.0,-0.4486062717770035,0.9963537221181117,-0.5092334494773519,0.980986003223059,0.9963537221181117,-0.015367718895052774,7.031247378732193e-07,0.11697637923728021
22,1100022,38,30,20.390663404260295,0.9797874342851037,1.0316313321302003e-06,0.179616724738676,0.7151570858104298,0.37804878048780494,0.7994758962609383,0.7151560541790977,0.08431881045050856,1.0316313321302003e-06,0.7994748646296062
23,1100023,38,48,28.657341957092285,0.9905923344947737,0.0064653535023876186,-0.5162020905923346,0.8443945022398284,-0.4543554006968642,0.8511517750387104,0.8379291487374407,0.006757272798882081,0.0,0.8347179033618674
24,1100024,26,24,13.1004653174341,0.9671010741012595,4.34032598154023e-07,0.2597560975609756,0.9733572515493719,-0.1250871080139373,7.077126047712176e-07,0.9733568175167737,-0.9733565438367672,7.077126047712176e-07,0.0
25,1100025,29,42,25.47724427268986,0.9334494773519166,0.0,0.6961672473867598,0.02775342765721806,-0.4297909407665506,0.45064221976187074,0.02775342765721806,0.4228887921046527,0.08009414207518352,0.6312379196441419
26,1100026,32,18,26.1354209913834,0.9661003095770722,0.0,0.13449477351916378,0.9687105719419045,0.18484320557491293,0.9684196758567449,0.9687105719419045,-0.00029089608515956794,4.325539672191417e-07,0.9684192433027777
27,1100027,35,36,28.709738731384277,0.935,0.0,0.2026976610275435,0.061658279670810286,0.29537997657048765,0.6240009622531872,0.061658279670810286,0.5623426825823769,0.046695637901813705,0.5773053243513735
28,1100028,38,30,37.558043360710144,0.9958188153310106,0.024267778224878224,0.3189895470383276,0.8954859676230952,0.6898954703832754,0.8844541537576451,0.871218189398217,-0.01103181386545013,0.0,0.8778846306472904
29,1100029,38,48,14.17376708984375,0.937979094076655,0.03415628512249002,-0.19303135888501746,0.7935220133234003,-0.5759581881533102,0.9357629842866555,0.7593657282009103,0.14224097096325514,0.0,0.13492472752483603
30,1100030,26,24,38.73342936114477,0.8991289198606274,0.0,0.4895470383275262,0.4084569032490643,0.4487804878048781,0.40749666556927977,0.4084569032490643,-0.0009602376797845327,0.0,0.4095180643711421
31,1100031,29,42,28.023738398018395,0.9813145181136383,0.0,0.5987804878048782,0.4021852872560716,0.6165505226480839,0.503331859527,0.4021852872560716,0.10114657227092837,1.5496475238723065e-08,0.5926420790878917
32,1100032,32,18,22.859714180231094,0.9519163763066203,0.0,-0.4158536585365854,0.9401598179297824,0.13763066202090596,0.9413825054334348,0.9401598179297824,0.0012226875036524109,0.0,0.9401598179297824
33,1100033,35,36,26.00144705997809,0.9962061773701676,6.320879146629193e-07,-0.11428571428571432,6.320879146629193e-07,0.48780487804878053,0.32033734276622605,0.0,0.32033671067831143,4.949863505099147e-07,0.3203368477798756
34,1100034,38,30,46.09464526309603,0.9954703832752614,0.0,0.6195121951219513,0.8760105848458312,0.6594076655052266,0.8701377513483024,0.8760105848458312,-0.00587283349752869,0.0,0.8701377513483024
35,1100035,38,48,13.156148910522461,0.9885017421602788,0.004666978175487136,-0.16724738675958192,0.3419698501408676,0.16463414634146345,0.18551488334149316,0.3373028719653805,-0.15645496679937446,0.0032236523631152874,0.2733850169283249
36,1100036,26,24,20.198216915130615,0.9855400696864114,0.0,0.47787456445993043,0.4970354517938698,0.22979094076655054,0.4951676904579601,0.4970354517938698,-0.0018677613359097088,0.0,0.4958489667690942
37,1100037,29,42,28.87416223096443,0.9844026253356263,0.024715852861121657,0.4663771466606371,0.28911915953053735,-0.31144211703966895,0.24863848188578563,0.2644033066694157,-0.040480677644751696,8.806980125857524e-08,0.24863839381598438
38,1100038,32,18,30.487693406281323,0.9343091272695583,8.41334016750015e-08,0.5482578397212545,0.8315821997701384,0.6824041811846692,0.8315821997701384,0.8315821156367367,0.0,1.33941206931154e-07,0.8334468294219203
39,1100039,35,36,23.093729857571816,0.947689360191591,0.0,0.679268292682927,0.19771703139735589,0.7087108013937283,0.19771703139735589,0.19771703139735589,0.0,8.60720346971262e-08,0.26879599821047556
40,1100040,38,30,47.88718942363266,0.9925074205384937,2.2205796885518406e-07,0.7311846689895473,0.8496669338546742,0.5672473867595821,0.8496669338546742,0.8496667117967053,0.0,2.2205796885518406e-07,0.8321782178366746
41,1100041,38,48,10.949383735656738,0.8895470383275264,0.09047716971158482,0.3919860627177701,0.2262771484769835,0.013763066202090595,0.25847709585210193,0.13579997876539868,0.032199947375118464,0.0,0.3742746550226495
42,1100042,26,24,24.434757947921753,0.7372272318504857,0.0,-0.3165505226480837,0.9747744302259091,-0.313240418118467,0.9747744302259091,0.9747744302259091,0.0,0.005737070362122624,0.987970997592734
43,1100043,29,42,13.34415340423584,0.9745644599303137,0.0009059944788437747,-0.7775261324041813,0.9820627815509879,-0.2583623693379792,0.9799989408505028,0.9811567870721442,-0.002063840700485172,0.0,0.119108936527429
44,1100044,32,18,38.1669930164544,0.9958572129503864,0.0,0.3243902439024391,0.3690515604519265,0.5505226480836238,0.3690515604519265,0.3690515604519265,0.0,5.61282436934849e-07,0.3690509991694896
45,1100045,35,36,24.205719068388134,0.9956411804880362,5.935523890812974e-07,0.5315331010452963,5.935523890812974e-07,0.725261324041812,5.935523890812974e-07,0.0,0.0,6.520588340678772e-07,0.1860204998277829
46,1100046,38,30,33.81271004676819,0.9597560975609757,0.0,0.37334494773519167,0.25795175932780234,0.8275261324041813,0.19571100949695067,0.25795175932780234,-0.06224074983085166,0.016407855872466084,0.3025398145976981
47,1100047,38,48,13.89824864502907,0.8656300369725011,1.6961519806239838e-06,-0.536062717770035,0.8663508849464635,-0.656445993031359,0.8623587403625455,0.8663491887944829,-0.003992144583918052,0.0,0.8643038635602684
48,1100048,26,24,20.601032845097507,0.9978823940806284,4.0041242797452627e-07,0.3699893591599313,0.08322372524051287,0.8138667195180969,0.1407855757680007,0.0832233248280849,0.05756185052748781,0.0,0.1407855757680007
49,1100049,29,42,20.627356602299187,0.9862369337979096,0.0,-0.04094076655052265,0.7898507456881186,0.05470383275261326,0.7898507456881186,0.7898507456881186,0.0,0.634523755613381,0.16312278567686844
50,1100050,32,18,35.05487768749117,0.9661509948286546,0.0,0.6686411149825785,0.6145452332595066,0.5114982578397214,0.6090050612406056,0.6145452332595066,-0.005540172018900965,2.1632392042293522e-07,0.6090152917064519
51,1100051,35,36,26.905361737728526,0.9853658536585368,0.0,0.1594076655052265,0.6594858146609891,-0.18867595818815336,0.6479919694472756,0.6594858146609891,-0.01149384521371352,0.05791800486559624,0.5957965715674554
52,1100052,38,30,19.755061981637482,0.13010894481314889,1.057123806146511e-06,-0.6437282229965158,0.9829111560582071,0.09599303135888504,8.966131121787275e-07,0.982910098934401,-0.9829102594450949,0.0,0.9635320526901973
53,1100053,38,48,24.29672145843506,0.9736933797909408,0.0,-0.15191637630662022,0.9788292629430381,-0.01777003484320558,0.9788292629430381,0.9788292629430381,0.0,0.07710327594435427,0.9017259869986838
54,1100054,26,24,41.93294823169708,0.9837979094076656,0.004781306773145988,0.8217770034843208,0.29225377034704136,0.8761324041811849,0.004781306773145988,0.2874724635738954,-0.2874724635738954,0.0,0.08889310926500217
55,1100055,29,42,34.05015575885773,0.9911149825783974,0.0,-0.6088850174216028,0.6731483185848193,-0.1426829268292683,0.6790523338255575,0.6731483185848193,0.005904015240738173,0.0,0.6731483185848193
56,1100056,32,18,5.455816268920898,0.8623281393217235,0.03453305267515004,0.5736562224558289,0.009333947229409398,0.19926065047920538,0.014660789206056875,-0.02519910544574064,0.005326841976647477,0.009333947229409398,0.0
57,1100057,35,36,29.859456272812167,0.9810369989747801,1.6213424160524235e-08,0.0943420881595269,0.26879053405721387,0.7511651211445988,0.2329958279116488,0.26879051784378966,-0.035794706145565035,2.7448836710889484e-07,0.2687902595688467
58,1100058,38,30,23.12214207649231,0.9949477351916378,0.0,0.201219512195122,0.16986291366521583,0.7163763066202092,0.9067768255059252,0.16986291366521583,0.7369139118407093,0.11584672314071952,0.7909301023652057
59,1100059,38,48,11.108818054199219,0.9611498257839723,0.0,-0.6571428571428573,0.5812043501104011,-0.4766550522648085,0.6076193893774617,0.5812043501104011,0.026415039267060653,0.27723969904982987,0.357474820662681
60,1100060,26,24,25.24428981658002,0.961359189216325,0.0,0.09094472764408687,0.9882016836055896,0.08127531694629603,0.5709024467884044,0.9882016836055896,-0.4172992368171852,0.0,0.8688562513584566
61,1100061,29,42,30.028034687042236,0.9153310104529617,0.0,-0.45749128919860643,0.7062786858435186,-0.36550522648083633,0.7062786858435186,0.7062786858435186,0.0,0.021781323919658525,0.6768992910382269
62,1100062,32,18,32.967530250549316,0.9785714285714288,0.0,0.3489547038327527,0.49789801319166055,0.17526132404181188,0.49789801319166055,0.49789801319166055,0.0,0.0,0.5140257180422634
63,1100063,35,36,29.346591300038426,0.9915497903292736,0.0,0.6982578397212545,0.21155193156879099,0.8214285714285716,0.2725102539076801,0.21155193156879099,0.0609583223388891,2.6530225638044745e-07,0.2953500055257134
64,1100064,38,30,30.275444170889386,0.7727827264902071,5.508341815265597e-08,0.24930313588850178,0.12043501871090856,0.048606271777003496,0.12043501871090856,0.1204349636274904,0.0,5.508341815265597e-08,0.5694814177693776
65,1100065,38,48,19.8771173077439,0.9853658536585368,0.0,0.6388501742160281,0.9437109495242378,-0.5301393728222997,0.9366894876418141,0.9437109495242378,-0.007021461882423743,0.0,0.9734051324045581
66,1100066,26,24,34.089548807924075,0.992857142857143,0.0,0.8442508710801395,0.17540619826102286,0.7766550522648086,0.17540619826102286,0.17540619826102286,0.0,0.14741989275961404,0.0
67,1100067,29,42,31.28104201457245,0.9945545868690226,9.570775417626299e-09,0.10296167247386762,0.829223655849721,0.13362369337979096,0.8355183064137284,0.8292236462789456,0.006294650564007335,0.652020712128126,0.1641398700488535
68,1100068,32,18,16.07766032218933,0.9578397212543557,0.0,0.2820557491289199,0.9521003129031916,0.4257839721254356,0.9521003129031916,0.9521003129031916,0.0,0.1671023456135534,0.8218182373602155
69,1100069,35,36,26.927449597034865,0.9124961897239556,5.833299682331045e-07,0.6865853658536586,0.43628723605741976,-0.005052264808362371,0.5892286204214146,0.4362866527274515,0.15294138436399482,5.833299682331045e-07,0.5537266362756567
70,1100070,38,30,22.179770530867245,0.9794378326666328,5.011269239786066e-08,-0.16472842909479718,1.0,0.8328759971313356,0.0,0.9999999498873076,-1.0,0.0,0.0
71,1100071,38,48,34.80597111811767,0.9956827307404957,5.295327337350882e-07,0.5679442508710802,0.4108580643689886,0.10034843205574916,0.41033681184786963,0.41085753483625487,-0.0005212525211189588,0.0,0.41033681184786963
72,1100072,26,24,26.773732514886433,0.9469925133503547,3.8738733247878367e-07,0.24233449477351918,0.0,0.8609756097560978,3.9144405771179844e-07,-3.8738733247878367e-07,3.9144405771179844e-07,3.9144405771179844e-07,0.0
73,1100073,29,42,26.412337552961617,0.9642374883913817,0.0,-0.6365259817005198,0.9602119392571472,-0.5479332728748144,0.9730418217626433,0.9602119392571472,0.012829882505496102,4.717528533473555e-08,0.9828453721608599
74,1100074,32,18,47.630503645059434,0.993283242209427,0.0,0.6041203890917072,0.6522897761841402,0.5182281463167363,0.6522897761841402,0.6522897761841402,0.0,1.323318938401074e-08,0.6708522375625361
75,1100075,35,36,34.53545470651079,0.9826360947906523,0.0,0.3210629568648575,0.020475354554356395,0.6184273725445749,0.22355909508042945,0.020475354554356395,0.20308374052607306,1.9835240221067144e-07,0.22355889672802726
76,1100076,38,30,16.534072160720825,0.8686411149825785,0.04334103232313983,0.7733449477351918,0.05375296012158804,0.7533101045296169,0.3669063507473259,0.01041192779844821,0.3131533906257379,0.002667020433265548,0.4228096974826935
77,1100077,38,48,16.695855217169083,0.9478635838077675,0.0,-0.3245644599303137,0.9106927323435938,-0.1973867595818816,0.9106927323435938,0.9106927323435938,0.0,3.906753770711573e-08,0.9106926932760562
78,1100078,26,24,19.858047437614005,0.9288732096445385,9.481109247769997e-09,-0.7191637630662022,0.905687607972649,-0.13519163763066205,0.8819031483610024,0.9056875984915398,-0.02378445961164666,0.0,0.8527140029208252
79,1100079,29,42,24.71405132210566,0.9285714285714287,0.0,0.394425087108014,0.4910276905819125,0.5621951219512197,0.4910276905819125,0.4910276905819125,0.0,0.07983392803031258,0.4380358532926328
