anchor_state,latent_error,latent_error_final,boundary_error,probe_floor_boundary_error,wm_boundary_error_vs_probe_gt,mode_agreement_pred,mode_agreement_gt_probe,planning_regret,model_selected_index,oracle_index,true_latent_selected_index,model_selected_cost,oracle_cost,model_selected_coverage,oracle_coverage,true_boundary,gt_probe_boundary,pred_probe_boundary,true_crossing_count,gt_probe_crossing_count,pred_probe_crossing_count,action_set_sha256,near_boundary_latent_error,true_latent_planner_regret,predictor_incremental_task_cost,predicted_vs_true_goal_rank_rho,true_goal_vs_sim_rank_rho,predicted_goal_vs_sim_rank_rho,clean_gt_and_pred_probe_crossing
0,0.1522532999515533,0.1789892166852951,0.045192958587522,0.0370161200594023,0.0822090786469243,0.951219512195122,0.8780487804878049,0.2370301485061645,15,21,17,0.5477018356323242,0.3106716871261596,0.4522981345653534,0.6893283128738403,0.615,0.5705806559287172,0.6692315503050265,1,3,1,47c29757f6ce6e8be0f20eee4d52f8c6e93480a2d71548ee4bc3d83be2080763,0.1888027787208557,0.15527993,0.35191673,0.5858885017421603,-0.7869406227854612,-0.8220188722445302,False
1,0.1392197012901306,0.1518557667732238,0.1755966252072421,0.2152935464826369,0.0396969212753947,0.8292682926829268,0.7804878048780488,0.2264010310173034,3,1,13,0.9909615516662598,0.7645605206489563,0.0090384390205144,0.2354394644498825,0.765,0.5066477442208357,0.5542840497513094,1,1,1,9c9fc0fdd210ed3dd266729a3b3b8e78397913a83083ff24a3ddf94f6562f77e,0.10463279485702515,0.0,0.08726418,0.8709059233449479,-0.4671591155190069,-0.23197517291832706,True
2,0.1554049104452133,0.1849060654640197,0.1216370204403088,0.0880605247834492,0.0335764956568596,0.8780487804878049,0.902439024390244,0.0636833906173706,17,19,3,0.5718364715576172,0.5081530809402466,0.4281634986400604,0.491846889257431,-0.7949999999999999,-0.9006726297401391,-0.9409644245283706,1,1,1,c6afecec71d2c98e1c41aa6b9e5fbd7a7db67f2266f8ccc4def8b94a780a44bc,0.10398782789707184,0.44052333,0.0,0.717247386759582,-0.6436815634045607,-0.3081463909066349,True
3,0.1824933439493179,0.1664454340934753,0.157988851737873,0.1022136805282373,0.0557751712096356,0.8536585365853658,0.8292682926829268,0.3775736093521118,19,30,29,1.0,0.6224263906478882,0.0,0.3775736093521118,-1.035,-0.9123435833661152,-0.8454133779145525,1,7,1,7f227a7a7254f7d9925a60727f4747defc9fb8dbc46c485364e0add19c3e6f04,0.1510753035545349,0.13750839,0.18259639,0.7848432055749129,-0.5388872873249025,-0.5509512355515664,False
4,0.159571036696434,0.2156780064105987,0.2009638004151819,0.3689408964744552,0.1679770960592733,0.8048780487804879,0.5853658536585366,0.0,35,0,37,1.0,1.0,0.0,0.0,1.125,0.6822709242306537,0.8838434395017817,1,5,1,22dd25ecde6edf9d44b01af0c75ad3157ef33698a301e83d00ce646f44e92c7c,0.08621121942996979,0.0,0.0,0.6750871080139375,,,False
5,0.2378102242946624,0.2547094225883484,1.0,0.1120919935165618,1.0,0.8780487804878049,0.8048780487804879,0.1821687817573547,0,12,0,0.8030383586883545,0.6208695769309998,0.1969616413116455,0.3791304230690002,1.065,1.1995103922198742,,1,4,0,a57725da6f7d107117cf49fe2fd89f77ffb90185463f38573bac968a983bcde7,0.10993721336126328,0.072458625,0.10971016,0.3547038327526133,0.03365302063646077,0.5089801411286476,False
6,0.0764580518007278,0.0934046134352684,0.0480897160653108,0.0919434961363312,0.0438537800710204,0.951219512195122,0.8536585365853658,0.447407603263855,3,16,13,0.7796758413314819,0.3322682380676269,0.220324158668518,0.667731761932373,-0.525,-0.6353321953635975,-0.582707659278373,1,3,1,9ec58402e4c7c51a91e1f3d651a848f6d4d4471d463483d4c40f45374418d71b,0.10958737879991531,0.17236084,0.0,0.5520905923344949,-0.7234882084771442,-0.767062584524985,False
7,0.1255301982164383,0.1480338126420974,0.1317868090336532,0.0178398646196207,0.149626673653274,0.8780487804878049,0.975609756097561,0.0799123048782348,35,13,35,0.9398544430732728,0.8599421381950378,0.0601455457508564,0.1400578618049621,0.885,0.8635921624564551,1.043144170840384,1,1,1,4f5b60e0c399eae41b1946956c08a2a4d27c9135a97c2459a4179d9f690681ef,0.07045894861221313,0.09232044,-0.012408137,0.9346689895470385,-0.00123246313031653,0.17324910289020934,True
8,0.1831171214580536,0.2078807353973388,0.0067802860450791,0.1612820975793667,0.1545018115342876,1.0,0.5365853658536586,0.3581680059432983,38,5,4,0.7583908438682556,0.4002228379249573,0.2416091561317443,0.5997771620750427,0.855,0.6614614829047599,0.846863656745905,1,12,1,a54f8b3d6634b3f24998c2e76d81d40955639ba7f42dc45f648c765af8d533ba,0.12432578206062317,0.04059255,0.0,0.7813588850174217,0.9054778164679825,0.8186135745400449,False
9,0.1540581583976745,0.1748866736888885,0.2648681254492375,0.0756956258166105,0.189172499632627,0.7317073170731707,0.8536585365853658,0.2278146147727966,1,8,6,0.8387460708618164,0.6109314560890198,0.1612539142370224,0.3890685439109802,-0.525,-0.4341652490200673,-0.2071582494609149,1,5,1,f8be41ef1a9d4f02602f8f0bf7714c0ce2e17fd1b40e4202e53d5f9ea1985eb0,0.16123883426189423,0.10146296,0.12635165,0.9824041811846691,0.00479894009337453,-0.04069501199181602,False
10,0.1541545391082763,0.177767276763916,0.0267919288146057,0.0629606744434282,0.0361687456288224,0.975609756097561,0.8048780487804879,0.0271554589271545,16,12,11,0.8028936982154846,0.7757382392883301,0.1971063017845153,0.2242617905139923,-0.585,-0.5094471906678861,-0.552849685422473,1,8,1,a6796c5b7d3ff6b959670d2a86eae01784b162e62a2d89758ea26ea79f10e856,0.11108767241239548,0.015886366,0.0062853694,0.4977351916376307,0.23815130778840543,0.1537124400112271,False
11,0.2206628918647766,0.3066654801368713,1.0,0.0349206520983351,1.0,0.902439024390244,0.926829268292683,0.0294376611709594,38,30,28,0.8439279794692993,0.8144903182983398,0.1560719907283783,0.1855097115039825,1.095,1.136904782518002,,1,5,0,d0cb6a677e66d26beb19496bc36be3061055a649e1baf915a2b1e8f39cdb3813,0.09556518495082855,0.010118067,0.019319594,0.35836236933797916,-0.1943446245267623,-0.00599424384082544,False
12,0.188443437218666,0.1624191105365753,0.038503648101138,0.0296505923426681,0.0088530557584699,0.951219512195122,0.951219512195122,0.042150855064392,19,28,6,0.9170860052108764,0.8749351501464844,0.0829139649868011,0.1250648498535156,0.855,0.8905807108112017,0.9012043777213656,1,3,1,ce02be35df30e9eb2bfd8822c192df1231f7590046536d8050489dc0e44ffdb8,0.10945878177881241,0.12506485,0.0,0.8346689895470384,-0.2392977907834412,-0.12897043146476772,False
13,0.116228349506855,0.1495523005723953,0.0273413060846414,0.0189002920555594,0.0462415981402009,0.975609756097561,0.951219512195122,0.1411235332489013,21,23,22,0.8852226734161377,0.7440991401672363,0.1147773489356041,0.2559008300304413,-0.765,-0.7423196495333286,-0.7978095673015697,1,3,1,5a9ef39a34861135b6c42eae3f8b8b6ad08e64106e96fcab5cad99bb4fb6ab79,0.08231179416179657,0.008878648,0.12582946,0.8451219512195124,0.8917716813941081,0.8086152545490021,False
14,0.194951057434082,0.2213500440120697,0.033537053860397,0.0542031199877546,0.0206660661273575,0.975609756097561,0.926829268292683,0.0245656967163085,15,18,15,0.8599840998649597,0.8354184031486511,0.1400159001350402,0.16458161175251,-1.125,-1.0599562560146945,-1.0847555353675236,1,3,1,3430ad2868fd91b09c2084294c72ec1568d17a81779178fc2987e9f305ceae62,0.06716834753751755,0.25103223,0.0,0.5841463414634147,-0.38354552379286366,-0.36941861683916705,False
15,0.1091974750161171,0.0986146703362464,0.0236321198922911,0.0065134683589409,0.0171186515333501,0.975609756097561,0.975609756097561,0.0624208450317382,14,0,14,0.9996727705001832,0.9372519254684448,0.0003272519970778,0.0627480968832969,-0.255,-0.2628161620307291,-0.2833585438707494,1,3,1,2e11dccdb2fa732a869eb9a24539fb8258d5f288e224895d8fdbb8e15109baad,0.13806886970996857,0.062412202,8.6426735e-06,0.502439024390244,-0.5037289774357071,-0.15139526917917287,False
16,0.113490417599678,0.1426577866077423,0.0061338928442609,0.0066400017288388,0.0005061088845778,1.0,0.926829268292683,0.2459803819656372,31,10,32,1.0,0.7540196180343628,0.0,0.2459803819656372,-0.7949999999999999,-0.7870319979253934,-0.7876393285868868,1,3,1,98ba25fd4ccdaf861a6c01ab759854f4e13b768afe271e94b8865aa27a6cc986,0.08227498829364777,0.24598038,0.0,0.9081881533101047,-0.8378229861435327,-0.8346796905582584,False
17,0.0572943091392517,0.0648756250739097,0.0067642116210991,0.1117581995737526,0.1185224111948517,1.0,0.902439024390244,0.0007043480873107,0,3,1,0.8551164269447327,0.8544120788574219,0.1448835730552673,0.1455878913402557,-0.285,-0.1508901605114968,-0.2931170539453189,1,1,1,c55bf6e1a760f78861e2a220e6c4f7d9e0653b92e58e3534f7f5b5485d3bdb7d,0.07508986443281174,0.0007043481,0.0,0.9778745644599306,0.7191761307847234,0.7452985681934903,True
18,0.3384975492954254,0.4052886068820953,0.0585473125864856,0.007789579556918,0.0507577330295675,0.951219512195122,0.926829268292683,0.0064116716384887,28,33,28,0.998879849910736,0.9924681782722472,0.0011201759334653,0.0075318235903978,0.975,0.9656525045316984,0.9047432248962172,1,6,1,a46a81db87a23b79115e1375c360b0eb59298c687c3c9c8c071165e44291c248,0.40819305181503296,0.0064116716,0.0011201501,0.12073170731707318,-0.5586785321985017,-0.2438133601770992,False
19,0.2721034586429596,0.3222370147705078,0.0522654982616827,0.0111680010463491,0.0634334993080319,0.951219512195122,1.0,0.0487800240516662,22,25,17,0.6542834639549255,0.6055034399032593,0.3457165360450744,0.3944965600967407,-0.855,-0.841598398744381,-0.9177185979140192,1,1,1,d6f2b4856cd43e29fea9726bae8a925e8de6522c61704aa6bbdf06ea9483eb0e,0.10748510807752609,0.049266756,-0.044371963,0.04006968641114983,-0.28175473330470435,0.08348288394213464,True
20,0.2565622329711914,0.288017213344574,0.2917946668553869,0.3309087259991701,0.0391140591437831,0.7073170731707317,0.6585365853658537,0.0043599605560302,14,11,5,0.6047912836074829,0.6004313230514526,0.3952087461948395,0.3995686769485473,-1.035,-0.637909528800996,-0.6848463997735358,1,3,1,c74d715e13f3d841a9b6c8d2e2581e300a12c77ecc8e7abc6efeef157a4549a3,0.11738268285989761,0.08006978,-0.07570982,0.6822299651567946,0.2565760896440724,0.7695537867223267,False
21,0.0630740821361541,0.075334757566452,0.0029468250705876,0.0053516035574019,0.0024047784868142,1.0,0.951219512195122,0.0,29,0,33,1.0,1.0,0.0,0.0,-0.3149999999999999,-0.3214219242688823,-0.3185361900847052,1,3,1,4b3bbd9ef329bbb6a7769f9319d6341a709b28eb40057ced59bc2607292467f7,0.09876599907875061,0.0,0.0,0.31933797909407674,,,False
22,0.1986304223537445,0.2872954905033111,0.0718622009023286,0.2012996052319823,0.1294374043296536,0.926829268292683,0.8048780487804879,0.0,13,0,20,1.0,1.0,0.0,0.0,-1.095,-0.8534404737216212,-1.0087653589172056,1,1,1,08a4824bcdf58ec87b01dde0324dabbf3e3286bd606780b50d6c85125955e0ab,0.08987469971179962,0.0,0.0,0.708536585365854,,,True
23,0.2102745324373245,0.2439948320388794,1.0,1.0,,0.5853658536585366,0.5853658536585366,0.0208005905151367,6,13,11,0.9946077466011048,0.973807156085968,0.0053922766819596,0.0261928364634513,0.705,,,1,0,0,2accf4c825942d383a2b649763d78aad4fa833feb23685629f736d738fdd319f,0.11922518163919449,0.026192844,-0.014457881,0.10836236933797913,-0.6324275517706728,-0.3008530032137003,False
24,0.226894348859787,0.2400428205728531,0.6147189217757181,0.4320915429154879,0.18262737886023,0.3902439024390244,0.5365853658536586,0.2065691351890564,9,31,17,0.8881334662437439,0.6815643310546875,0.1118665263056755,0.3184356689453125,0.915,0.3964901485014144,0.1773372938691383,1,3,1,64b5b617d656b9a38dd1425e4f1ce428a695e8cc8c80f0a8b938ae589545d57f,0.12120071798563004,0.046741188,0.15982795,-0.07491289198606273,-0.3356422479203988,-0.755502422516795,False
25,0.1521094739437103,0.1803697049617767,1.0,0.0976784786253042,1.0,0.4634146341463415,0.902439024390244,0.0219225883483886,6,4,0,0.6732926368713379,0.6513700485229492,0.3267073631286621,0.3486299216747284,0.5549999999999999,0.672214174350365,,1,1,0,a8a0cf5f780fdfee36445e1e2aa814e5dd0aae44ec176028f0726f201172ecfd,0.1051824763417244,0.045598567,0.12712651,0.4242160278745645,-0.6673025783077143,-0.7677058051361284,False
26,0.1169416159391403,0.1368227303028106,0.1904935678079264,0.1524997358761157,0.0379938319318107,0.8048780487804879,0.8292682926829268,0.0447811484336853,29,14,29,1.0,0.9552188515663148,0.0,0.0447811670601367,-0.735,-0.9179996830513388,-0.9635922813695116,1,3,1,9da59c4d6c41afb3706ec2309fd036be5cea43fef318ddc74037b01706afe977,0.08807000517845154,0.04478115,0.0,0.9243902439024392,-0.5116655046524071,-0.6564470011509966,False
27,0.0693466365337371,0.0944337472319603,0.1170700189333009,0.0582296166825363,0.0588404022507646,0.7560975609756098,0.7804878048780488,0.1701501607894897,4,11,4,0.9732834696769714,0.8031333088874817,0.0267165321856737,0.1968666911125183,0.615,0.5451244599809564,0.4745159772800388,1,7,3,ef794f71f1ce211f4ed977de2ed27067b7d5ddc90b8c881b3736efd7ff253472,0.07972955703735352,0.0,0.2174027,0.7658536585365856,-0.1979415505190317,-0.19543596127195537,False
28,0.1349941343069076,0.1573308706283569,0.2084896175769192,0.268762217455343,0.0602725998784238,0.6829268292682927,0.6829268292682927,0.0206714868545532,20,7,19,1.0,0.9793285131454468,0.0,0.0206714682281017,0.585,0.2624853390535883,0.3348124589076969,1,3,2,0a955f32bb91af3c185987bc85967b672cd86f795c9973cd6071b03a05bb0f18,0.08984635770320892,0.020671487,0.0,0.7310104529616727,-0.7885680092707694,-0.7677648960830822,False
29,0.0766171067953109,0.0892795994877815,0.1004026605752996,0.0130736663249494,0.113476326900249,0.902439024390244,0.951219512195122,0.1054313778877258,6,14,7,0.7889904379844666,0.6835590600967407,0.2110095769166946,0.3164409101009369,-0.405,-0.3893116004100607,-0.5254831926903596,1,3,1,9c71e3652d961cebd18181828188cb8bbe8dac17418edf44b0675846badc5da9,0.1037684828042984,0.14910859,0.0,0.7381533101045298,-0.7503552140821631,-0.8309344199888168,False
30,0.1099236756563186,0.1215429082512855,0.1349644932243772,0.0261512499211822,0.1088132433031949,0.8780487804878049,0.975609756097561,0.1281813979148864,19,23,13,0.7443048357963562,0.6161234378814697,0.2556951642036438,0.3838765919208526,-0.6749999999999999,-0.7063814999054187,-0.8369573918692526,1,1,1,41f863848f29bc3007108be4d7ddc7a60bb73a821293252b574061e1e724e25b,0.14711162447929382,0.2393831,0.050684214,0.9167247386759585,-0.8148369541325062,-0.6863276150960169,True
31,0.1984889060258865,0.2041237503290176,1.0,0.0047345796662509,1.0,0.6829268292682927,0.8292682926829268,0.0029149055480957,6,16,5,1.0,0.9970850944519044,0.0,0.0029148960020393,-0.825,-0.8193185044004988,,1,3,0,1f085839d8f197b76ed77aac62a9b1e2aa41eec93431281511402f37b41f620b,0.24694180488586426,0.0029149055,0.0,0.1104529616724739,-0.03467575971098927,-0.5172135346930314,False
32,0.1870017796754837,0.1954953074455261,0.1910085553980903,0.0459297831880177,0.236938338586108,0.8048780487804879,0.902439024390244,0.0450465679168701,11,24,10,0.5015988349914551,0.4565522670745849,0.4984011650085449,0.543447732925415,0.705,0.6498842601743787,0.9342102664777084,1,3,1,3070d7607d973df9cf756e112bfaf1075f597853895bbe7ac5d13580cc414f4c,0.278707891702652,0.0017354488,-0.0008070469,0.7597560975609757,-0.5663167126138491,-0.5887307797584764,False
33,0.1748589128255844,0.2230526953935623,1.0,1.0,,0.975609756097561,0.975609756097561,0.1914978623390197,0,24,13,1.0,0.8085021376609802,0.0,0.1914978772401809,-1.185,,,1,0,0,a64f93ad781e93094552d1295f5424c575bf1a869c5c1bfd3438806246b2e3dd,0.0704541727900505,0.19125974,0.0,0.48797909407665513,-0.4317091965260973,-0.4191360141850002,False
34,0.0848705843091011,0.0935111790895462,0.20627908750652,0.1617889447079921,0.0444901427985278,0.8048780487804879,0.8536585365853658,0.149546205997467,17,23,18,0.9789032936096193,0.8293570876121521,0.0210967361927032,0.1706428974866867,0.6749999999999999,0.4808532663504093,0.4274650949921759,1,1,1,42af8c4a8d35ddde5f47c33443d6e20b01acac19e51987906d089bbfbebe74d4,0.10526052862405777,0.123983204,0.0,0.9085365853658538,-0.17374311219057195,-0.24232345749788975,True
35,0.0991367846727371,0.1093985512852668,0.1805160013132002,0.2025276890482276,0.0220116877350274,0.8292682926829268,0.7804878048780488,0.0,33,22,31,0.8321537971496582,0.8321537971496582,0.1678462028503418,0.1678462028503418,0.645,0.4019667731421268,0.4283807984241597,1,3,1,111b9d5ace0d12bc75ba0d64d915880688533eb8ec7b279a0b488c1f31109d0f,0.09670520573854446,0.0,0.0,0.8421602787456448,0.841191724122891,0.8558914484413338,False
36,0.114063486456871,0.1281077861785888,0.1560021700675669,0.0872055815386005,0.0687965885289664,0.8536585365853658,0.926829268292683,0.4216436147689819,0,24,0,1.0,0.5783563852310181,0.0,0.4216435849666595,0.7949999999999999,0.8996466978463206,0.9822026040810804,1,1,1,90a9a8f8f4699fd6dda5d971b97f001657fa987f2fcc93a366b80f88f58d5f0e,0.1421600580215454,0.4216436,0.0,0.8581881533101047,-0.7961288311305189,-0.7073030233234254,True
37,0.0735139548778534,0.0838464945554733,0.0639848517563098,0.1401487212693855,0.2041335730256954,0.926829268292683,0.8292682926829268,0.0067539811134338,1,11,2,0.8536476492881775,0.8468936681747437,0.1463523358106613,0.1531063616275787,0.375,0.2068215344767373,0.4517818221075718,1,3,1,cc5e5210d15b1874966722489fb4959de083a7351b9f870412c63efb63dcc0e0,0.09854167699813843,0.0017704964,0.0049834847,0.5405923344947736,-0.2232414309100627,-0.10001553709959331,False
38,0.0800625085830688,0.1002630814909935,0.0625595053173833,0.0425872156865762,0.1051467210039595,0.926829268292683,0.951219512195122,0.3817082047462463,16,4,17,0.8076663017272949,0.4259580969810486,0.1923336684703827,0.5740419030189514,0.585,0.5338953411761085,0.6600714063808599,1,1,1,096fdfe261e94e37f650e71e860f2bb303a9f3af8b7640e77725869c0cce5b74,0.09183761477470398,0.3795309,-0.017849922,0.64006968641115,-0.6867444944715969,-0.711458309430771,True
39,0.107883870601654,0.1337503641843795,0.0831871869456329,0.0515297411328293,0.0316574458128036,0.926829268292683,0.926829268292683,0.0079597830772399,29,22,37,0.754523754119873,0.7465639710426331,0.2454762756824493,0.2534360289573669,-0.6749999999999999,-0.7368356893593951,-0.7748246243347595,1,3,1,166a223fbcd04d01bb04069f6e539dd60e1f55974719dec6b281d4fded1baf03,0.14719094336032867,0.2466954,-0.23873562,0.8231707317073172,0.5365994001897777,0.772325094288194,False
40,0.1719034314155578,0.2091452032327652,0.2374562332738626,1.0,,0.7073170731707317,0.6829268292682927,0.1143029928207397,18,28,14,0.8145196437835693,0.7002166509628296,0.1854803562164306,0.2997833490371704,0.825,,1.109947479928635,1,0,2,83225ec1730165ba7e70662e87399f08431f8c4924c5ef4d28a31d00dca1d818,0.14113275706768036,0.107185245,0.01390624,0.5520905923344949,-0.759307539066128,-0.6677585657225674,False
41,0.102785088121891,0.1428850293159485,0.1260971978238273,0.1050681883215467,0.0210290095022805,0.8780487804878049,0.902439024390244,0.0,36,17,10,0.7205485701560974,0.7205485701560974,0.2794514298439026,0.2794514298439026,-0.495,-0.3689181740141439,-0.3436833626114072,1,1,1,f31f32257d1386334767bb5d0460d0e6705a8b42b0de19e02f81b3eff86f4ac7,0.1117488294839859,0.17737478,-0.17737478,0.914459930313589,0.7693515706921751,0.8774777093941647,True
42,0.1531581580638885,0.1749826669692993,1.0,1.0,,0.7804878048780488,0.7804878048780488,0.1574487090110778,36,27,35,0.8803428411483765,0.7228941321372986,0.1196571514010429,0.2771058678627014,-0.945,,,1,0,0,e26920387c65619c939695fd827dde12d22ca51c2a55da6fd246ddfa06e57104,0.12399502843618393,0.19611555,0.080990314,0.2458188153310105,-0.1730107921574146,0.3234950991032982,False
43,0.0919051840901374,0.1013260707259178,0.0122944739170827,0.0893200978919412,0.101614571809024,1.0,0.902439024390244,0.0073585510253906,6,9,7,0.8637072443962097,0.8563486933708191,0.1362927705049514,0.1436513066291809,-0.255,-0.1478158825296704,-0.2697533687004993,1,1,1,4094fe23ee2fc3011a516d3dc3d5a5a9e8404ca8dfc8bf969bd41713c8049729,0.09112762659788132,0.1436513,0.0,0.9229965156794427,-0.7210813257876674,-0.7204800238148624,True
44,0.1405272930860519,0.1863858848810196,0.1646589082901954,0.0913789164949708,0.0732799917952245,0.8292682926829268,0.902439024390244,0.0471918582916259,19,17,22,0.9952434301376344,0.9480515718460084,0.0047565936110913,0.0519484393298625,0.705,0.814654699793965,0.9025906899482344,1,1,1,69807761a5d689ce0d86de9570cdde09829faab2a15646d50a20f1fada27e245,0.10380934178829193,0.030468822,0.026726484,0.39390243902439037,0.24806718459395527,-0.1126525939369128,True
45,0.0745255947113037,0.0977575406432151,0.0567466114611178,0.0143731667842983,0.0423734446768194,0.951219512195122,0.975609756097561,0.0,21,14,13,0.8517586588859558,0.8517586588859558,0.148241326212883,0.148241326212883,0.405,0.3877521998588419,0.3369040662466586,1,1,1,7b093816de9b8713b58447f04146ea4dcea4683c148f8458c41a7dc3b6572328,0.11220986396074295,0.005849421,0.07198149,0.7547038327526134,0.4867816361849526,0.3003919770178251,True
46,0.1744918078184127,0.1770505756139755,0.0550888945817349,0.111518579188614,0.056429684606879,0.951219512195122,0.7804878048780488,0.0,18,0,20,1.0,1.0,0.0,0.0,-0.885,-1.0188222950263368,-0.951106673498082,1,5,1,8112f40813a6e68568ecb95dd4105bdf343f0f3a5ab96bd861de4c8bae1bf1ac,0.28286054730415344,0.0,0.0,0.8209059233449478,,,False
47,0.1351844370365142,0.1463794708251953,0.0884101325831451,0.037384987081259,0.0510251455018861,0.902439024390244,0.8780487804878049,0.225238561630249,18,10,19,1.0,0.774761438369751,0.0,0.2252385318279266,-0.975,-0.9301380155024892,-0.8689078409002258,1,7,1,09476f973f536bfd068664b4be4f5519aa9a775f2d027a6e3550ff5fb8c3a1cb,0.0844641923904419,0.1948064,0.030432165,0.6067944250871081,-0.08438440020984792,0.05744477948557722,False
48,0.225156083703041,0.1952566802501678,0.0444644428519191,0.0720841957812782,0.0276197529293591,0.951219512195122,0.926829268292683,0.178226888179779,14,24,10,1.0,0.821773111820221,0.0,0.1782268732786178,0.705,0.618498965062466,0.651642668577697,1,1,1,1b5396b71b4e1c66d6b5638b90514cf6b51c49d61ee42011371c1c879efefe76,0.19734328985214233,0.17822689,0.0,0.7846689895470385,-0.8361971823431505,-0.89150071181338,True
49,0.0697120353579521,0.0756788179278373,0.0265438839661402,0.1024582077366714,0.0759143237705311,0.975609756097561,0.902439024390244,0.0168061852455139,11,2,9,0.6310915350914001,0.6142853498458862,0.3689084649085998,0.3857146799564361,0.135,0.2579498492840057,0.1668526607593683,1,1,1,7b4b52af1b27e5e7adbb293953b145b92bc701587ce1856777d0738463222beb,0.12226419895887375,0.016806185,0.02668196,0.4945993031358887,-0.09071180482963048,-0.34783073811361687,True
50,0.1088531985878944,0.1195352599024772,0.5454340162283738,0.5058420235402941,0.0395919926880798,0.4634146341463415,0.4634146341463415,0.0597040057182312,15,0,13,0.9443195462226868,0.8846155405044556,0.0556804537773132,0.115384429693222,-0.3149999999999999,-0.9220104282483528,-0.9695208194740486,1,3,1,d0611438c43256a635a1bbcc50732eec6a344858bbabfef82c7072c1dbf89bd6,0.10122562944889069,0.00926578,0.0519917,-0.13902439024390248,0.5091144726484942,-0.32362661586649183,False
51,0.1073157638311386,0.1472102105617523,0.0732681849004759,0.0646190838118333,0.0086491010886426,0.926829268292683,0.926829268292683,0.0844985842704773,18,16,21,0.7044062614440918,0.6199076771736145,0.2955937385559082,0.3800923228263855,-0.705,-0.7825429005742,-0.7929218218805711,1,1,1,6ef51c7de0ec7868a1442b52435596a36c9cf7f8dbc977596e9ab0e2ab58751d,0.1340930014848709,0.2405408,-0.15604222,0.37299651567944264,-0.2006272484604777,0.28707638804100877,True
52,0.118043914437294,0.1225734427571296,0.0608575659666128,0.082455656934292,0.0215980909676792,0.951219512195122,0.926829268292683,0.0263887047767639,8,18,39,1.0,0.973611295223236,0.0,0.0263887215405702,0.525,0.4260532116788495,0.4519709208400645,1,1,1,8358e5bc7b44ca7c53454ca654ba1ad756c1e660b9ef6cb506cbd0d24b3f99e7,0.09440936148166656,0.026388705,-0.026388705,-0.818815331010453,-0.6511635986160123,0.7316270856717605,True
53,0.065099760890007,0.0808121711015701,0.0327684267506375,0.0251049457089954,0.007663481041642,0.975609756097561,0.975609756097561,0.0001822710037231,7,8,4,0.6023819446563721,0.6021996736526489,0.3976180553436279,0.3978003561496734,-0.2249999999999999,-0.2551259348507945,-0.264322112100765,1,1,1,b3ffea353d12173f19ae0db2e075e850a08d1a9b790a76e9668beebce428c7f8,0.11588689684867859,0.04587841,0.0127363205,0.9505226480836239,-0.5906955476476888,-0.6224208839663626,True
54,0.0741230174899101,0.0927678644657135,0.1727077050874956,0.1933675071242089,0.0206598020367133,0.8292682926829268,0.8048780487804879,0.0,17,0,17,1.0,1.0,0.0,0.0,-0.5549999999999999,-0.7870410085490507,-0.7622492461049947,1,1,1,8e61120b05e1792f4c305b9580291b70646de57313f42650a83f091b3d2d33cf,0.10758076608181,0.0,0.0,0.4451219512195122,,,True
55,0.1510175019502639,0.1665586978197097,0.0222363669874119,0.0614161760813709,0.0391798090939589,0.975609756097561,0.926829268292683,0.1107102632522583,9,4,10,0.5995782613754272,0.4888679981231689,0.4004217684268951,0.511132001876831,-0.645,-0.5713005887023549,-0.6183163596151057,1,3,1,37e19a8e2c2b1d0bf8f9c75cfde5a3cfa34c88c269fd1327a978835405c8acbb,0.12288203835487366,0.056479454,-0.054062486,0.2703832752613241,0.20265991475939044,0.897834821637843,False
56,0.0566352568566799,0.063930831849575,0.0878366244535483,0.048037159060288,0.1358737835138363,0.902439024390244,0.926829268292683,0.0,7,0,39,1.0,1.0,0.0,0.0,-0.195,-0.2526445908723456,-0.089596050655742,1,2,1,4d0036b4d048ae94021aa5354166f2703672fd3d04855ddf6098a191876a2054,0.08791549503803253,0.0,0.0,0.4069686411149827,,,False
57,0.0995346382260322,0.1159586757421493,0.0261358606298216,0.0988353692449783,0.0726995086151567,0.975609756097561,0.902439024390244,0.0,24,21,23,0.6125049591064453,0.6125049591064453,0.3874950110912323,0.3874950110912323,0.615,0.733602443093974,0.646363032755786,1,1,1,185e31902f24d99cd3f64f4cbaeb8fbb84e0487d8db15d10a4790016e979ea61,0.09673396497964859,0.005990386,-0.005990386,0.6224738675958189,0.7864350055435514,0.7867140811310401,True
58,0.1567786186933517,0.139010950922966,0.105002129030562,0.0467997485339197,0.0582023804966423,0.902439024390244,0.951219512195122,0.0301322937011718,20,27,20,1.0,0.969867706298828,0.0,0.0301323048770427,0.825,0.8811596982407036,0.9510025548366744,1,1,1,26c24dead261ec0d89de973add04895b65d053281fae81f17e762c6629c87117,0.25747355818748474,0.030132294,0.0,0.742857142857143,-0.7743069445565558,-0.6784288119233773,True
59,0.1333362609148025,0.1887195259332656,0.1115746310925893,0.0107719768353172,0.100802654257272,0.902439024390244,0.951219512195122,0.0,8,0,8,1.0,1.0,0.0,0.0,-0.855,-0.8679263722023807,-0.9888895573111072,1,3,1,12cc7a3db16dc381f533a6796f426e6f84048bbef6553ea7b11359198a35afa6,0.0938950628042221,0.0,0.0,0.6921602787456448,,,False
60,0.1070733442902565,0.1215820983052253,0.0323379636408474,0.0038754713464066,0.0284624922944407,0.975609756097561,1.0,0.0,17,0,24,1.0,1.0,0.0,0.0,-0.5549999999999999,-0.5596505656156879,-0.5938055563690169,1,1,1,71565afa51b77254611cf22f514563e339dcf3237cbb76beff02a8c79b92f710,0.21496015787124634,0.0,0.0,0.6137630662020908,,,True
61,0.3070212602615356,0.3901448249816894,1.0,1.0,,0.7317073170731707,0.7317073170731707,0.0668768882751464,33,25,34,0.4282827377319336,0.3614058494567871,0.5717172622680664,0.6385941505432129,0.885,,,1,0,0,cc9ffb3634fec115604ea9b46bc03514f6aededa7b37c0950cb79406930058a0,0.3018311560153961,0.05443895,0.01243794,0.6919860627177703,0.35769539140357803,0.25843822006206857,False
62,0.1866749972105026,0.2404514849185943,0.0490701947635506,0.0797611149804281,0.0306909202168775,0.951219512195122,0.926829268292683,0.4664461612701416,16,29,15,1.0,0.5335538387298584,0.0,0.4664461612701416,1.005,1.1007133379765135,1.0638842337162606,1,1,1,b62f954626db5be1d70ebc342f74a8d14b890d6302e86021f99eb72840510b87,0.1400129497051239,0.46644616,-0.17648017,0.4344947735191638,-0.10096606894603337,0.30352200426318593,True
63,0.1366972774267196,0.1708486080169677,0.0329106043977309,0.0017723508625568,0.0346829552602877,0.975609756097561,0.951219512195122,0.0585653185844421,17,24,26,0.7775765061378479,0.7190111875534058,0.2224235087633133,0.2809888124465942,0.705,0.7071268210350682,0.6655072747227229,1,3,1,4af4973657807e5e0beb2c962341625a9704e017bc3f33b2ff35e67a657a6736,0.07404845952987671,0.15310776,-0.015886307,0.5332752613240419,-0.49009045115657773,-0.1985084468334506,False
64,0.1448953002691269,0.1604760438203811,0.1359198463526098,0.1446922715349275,0.0087724251823177,0.8780487804878049,0.7560975609756098,0.0,39,35,31,0.637466311454773,0.637466311454773,0.362533688545227,0.362533688545227,1.035,0.8613692741580871,0.8718961843768683,1,5,1,15efd03dc1e65fc81444eb4c16c99ba5ba71acc05d4cd9674f760a55fbbcb8fd,0.07342460751533508,0.025375366,-0.025375366,0.8649825783972127,0.7446954874466769,0.8848446792646364,False
65,0.1458812057971954,0.194531574845314,0.0052792971664391,0.1002308536033816,0.0949515564369425,1.0,0.8780487804878049,0.3847494125366211,13,21,12,0.9981024265289308,0.6133530139923096,0.0018975484417751,0.3866469860076904,0.765,0.885277024324058,0.771335156599727,1,3,1,608476ee1f8b3f1b1a4cea386967a2b5d720671229dd869c68980e9a1cd05e1a,0.10661224275827408,0.25554717,-0.25554717,0.5156794425087109,0.5323604066746449,0.6759040321397906,False
66,0.1654587239027023,0.1826161742210388,0.0150925574058939,0.0345918892167158,0.0194993318108219,0.975609756097561,0.975609756097561,0.22358238697052,15,20,1,1.0,0.77641761302948,0.0,0.2235824167728424,-0.7949999999999999,-0.8365102670600589,-0.8131110688870726,1,1,1,961b51628e26decb93db8b73b6a45da173fa85890145c5fb198a7721abf591cb,0.10080008953809738,0.22761434,0.0,0.8451219512195124,-0.6860239185032673,-0.7008558532492327,True
67,0.2672183215618133,0.2811452448368072,0.0943556335747487,0.0221293557452298,0.0722262778295188,0.8048780487804879,0.975609756097561,0.3213386535644531,0,13,10,0.7405439615249634,0.4192053079605102,0.2594560086727142,0.5807946920394897,0.885,0.9115552268942758,0.9982267602896984,1,1,2,79f1f5c81175172051a23f95e673c851367661776a2718f0357b2690642e9ec8,0.6026257276535034,0.26947528,-0.11065352,0.8256097560975612,0.4445238819341912,0.4863903971302092,False
68,0.193390890955925,0.2464614659547805,0.0527472347643944,0.0304748896562608,0.0832221244206552,0.951219512195122,0.951219512195122,0.2598684430122375,2,38,0,1.0,0.7401315569877625,0.0,0.2598684430122375,-1.125,-1.161569867587513,-1.061703318282727,1,2,1,4e2684691c4929e9c2be208c9bbca526e58ee37247b1eecfee4f55b16578567e,0.11630293726921082,0.031725347,0.2281431,0.3358885017421604,-0.3721658759748638,-0.16946675062890937,False
69,0.1158332452178001,0.1257181912660598,0.0682381324117965,0.0302331598327614,0.038004972579035,0.926829268292683,0.951219512195122,0.1629232168197631,19,25,21,0.8613065481185913,0.6983833312988281,0.1386934667825698,0.3016166388988495,0.735,0.7712797917993137,0.8168857588941558,1,3,1,7dc07ac9657a1f48421e88ca96c18f181fdd7ef8b3bd4ecc7baed210ea1edb67,0.10738693177700043,0.16292322,0.0,0.9198606271777005,0.43126015429962955,0.4522753304983203,False
70,0.1103785783052444,0.1386158615350723,0.1854778270113607,0.121955949893217,0.0635218771181436,0.8292682926829268,0.8780487804878049,0.1868596673011779,9,21,6,0.7976316809654236,0.6107720136642456,0.2023683190345764,0.3892279863357544,-0.645,-0.7913471398718604,-0.8675733924136328,1,1,1,6c8d8e4d9d2dc0f9e298b042fdcfec80f1c038890abdaca95a8a62334d042650,0.09266266971826553,0.23860013,-0.069972456,0.7390243902439027,-0.7179223937889945,-0.7526964699541808,True
71,0.2432531714439392,0.2795528173446655,0.0970301956423272,0.1905533615157675,0.0935231658734403,0.902439024390244,0.8048780487804879,0.0021731257438659,32,28,27,0.6245155930519104,0.6223424673080444,0.3754844069480896,0.3776575624942779,-1.035,-0.8063359661810791,-0.9185637652292076,1,1,1,fd56172b3c453e2b00a3aafc317209aa236b5ab00aff0f3cb42c1627ffeb0482,0.2500167489051819,0.0012183785,0.0009547472,0.5263066202090594,0.5431560690051067,0.3541232802534576,True
72,0.1541583240032196,0.1602789908647537,0.1262686483380424,0.1587333913392199,0.0324647430011774,0.8780487804878049,0.7804878048780488,0.0040825009346008,14,21,13,1.0,0.9959174990653992,0.0,0.0040824888274073,-1.005,-1.1954800696070638,-1.1565223780056508,1,3,1,502fe8f28f882101cb4f77e84d7fa0d3c1de079282fce8fcf293571ec6a65cd9,0.11152675747871399,0.004082501,0.0,0.7445993031358886,-0.2946775288849586,-0.2790003654907182,False
73,0.1341211795806884,0.1587580293416977,0.1009222048817976,0.2650137127523847,0.164091507870587,0.7560975609756098,0.7317073170731707,0.1713495254516601,17,1,20,0.7670942544937134,0.5957447290420532,0.232905775308609,0.4042552709579468,0.705,0.3869835446971383,0.5838933541418427,1,1,5,adcad1376a93afa9569ab8635ee066da6331641103db2dc5abbe19dd89a9d185,0.09096461534500122,0.23032588,0.03295213,0.6599303135888503,-0.7651511792194137,-0.6785678069429905,False
74,0.2274817675352096,0.3042441308498382,0.0718094799909604,0.0478460363409958,0.0239634436499645,0.8780487804878049,0.7073170731707317,0.0,25,0,15,1.0,1.0,0.0,0.0,0.885,0.827584756390805,0.7988286240108475,1,9,3,6e43a6eb3cc07f104eac6ede23dba2840b02232a9aec15ebbf83b0402e3baa35,0.11791949719190598,0.0,0.0,-0.24703832752613247,,,False
75,0.0820409059524536,0.1116855219006538,0.1683874324552307,0.0365092361477208,0.1318781963075099,0.8292682926829268,0.902439024390244,0.0217703580856323,13,16,17,0.7799825668334961,0.7582122087478638,0.2200174331665039,0.2417878061532974,-0.4649999999999999,-0.421188916622735,-0.2629350810537231,1,3,1,a9eede8ed854222fcfaad7946594b1807edce3757478bc4ff25c10b01e92d429,0.12826135754585266,0.24178779,-0.24178779,0.5031358885017423,0.6585721497050806,0.8355714626127327,False
76,0.1399614065885543,0.167851522564888,1.0,0.055424873466953,1.0,0.8292682926829268,0.902439024390244,0.1521322727203369,30,27,30,0.4035850763320923,0.2514528036117553,0.5964149236679077,0.7485471963882446,-1.005,-1.0715098481603436,,1,3,0,b6e1a5c98e324820c8732fa63fb3524377ce3500087130a009aa1d328d14a62a,0.11333891749382019,0.15213227,0.0,0.8135888501742162,0.8595330980041381,0.8397423748102237,False
77,0.1580980122089386,0.1602713018655777,1.0,0.0213881307493013,1.0,0.926829268292683,0.975609756097561,0.0553016066551208,38,19,28,0.965701460838318,0.910399854183197,0.0342985466122627,0.0896001309156417,1.125,1.0993342431008384,,1,1,0,7c4dbb30dd6ed8f20a82d5d47fefecb4d836fdf91f03708265db8e94223ed0be,0.13409744203090668,0.075941324,0.013658822,0.5578397212543555,0.31572885777866283,0.06463322102591808,False
78,0.1518406420946121,0.1438501477241516,1.0,0.0574629005419384,1.0,0.6097560975609756,0.8292682926829268,0.2037333846092224,14,25,8,0.9314997792243958,0.7277663946151733,0.068500243127346,0.2722335755825043,-0.735,-0.6660445193496739,,1,5,0,e488c05036c9faad71bd82b53e9bd15ebcc00830ede366ec01924d6d45fd8f3e,0.2581799030303955,0.02598381,-0.020366788,0.23815331010452967,-0.4126564226116482,0.030810002820155714,False
79,0.079520508646965,0.1114312633872032,0.4352717243781103,0.2750371001131031,0.1602346242650072,0.5853658536585366,0.6097560975609756,0.2385168671607971,10,0,8,0.8466497659683228,0.6081328988075256,0.1533502340316772,0.3918671011924743,0.645,0.9750445201357236,1.1673260692537324,1,3,1,7c3e7d7662169f33f50e594f160c3a558e34904a2657dde67e414364cb7988c8,0.07914876192808151,0.0,0.06155336,0.8400696864111501,0.23063705750865351,0.20541975752566424,False
80,0.142345130443573,0.1572035402059555,0.0629016940505854,0.2965895011503141,0.2336878070997286,0.926829268292683,0.6829268292682927,0.006371796131134,6,22,18,0.6987879872322083,0.6924161911010742,0.3012120127677917,0.3075837790966034,-0.645,-0.2890925986196231,-0.5695179671392975,1,3,1,005f5190e768a1a2d207c9697a88744d79e0138d5b7641a3d3c10d1044e7f55c,0.17921292781829834,0.020433784,-0.015172243,0.7993031358885019,-0.7093097016578667,-0.8247744538169758,False
81,0.0992182046175003,0.1497383415699005,0.2280707061593222,0.198353607392088,0.0297170987672342,0.7804878048780488,0.8048780487804879,0.0392683148384094,14,16,15,0.7454761266708374,0.706207811832428,0.2545238733291626,0.293792188167572,0.5549999999999999,0.3169756711294944,0.2813151526088132,1,1,1,92a41c11390a4903c13f46166b635f83c561e3271f41337042741ae8c5e5408d,0.14435236155986786,0.22807568,0.065716505,-0.09233449477351918,-0.6547015289735957,-0.1251943057438611,True
82,0.212748035788536,0.222911924123764,0.0736817623154006,0.0500741919363264,0.0236075703790742,0.926829268292683,0.926829268292683,0.3654311895370483,12,3,14,1.0,0.6345688104629517,0.0,0.3654312193393707,-1.095,-1.0349109696764085,-1.0065818852215191,1,3,1,90889c018c05f756f0c43e19780d6f699297068eaef6d3082f7dd2db37ea960b,0.11172643303871155,0.3399099,-0.0030154586,0.6214285714285716,-0.007035361214488954,0.5401593999124297,False
83,0.196419671177864,0.2199082672595977,0.3210570657147561,0.0547646233663129,0.375821689081069,0.6829268292682927,0.6341463414634146,0.0002804994583129,7,23,20,1.0,0.999719500541687,0.0,0.0002804911055136,0.6749999999999999,0.6092824519604244,1.0602684788577073,1,3,1,d20ed5d250a15aac8c795dcd8571517d9f186909fe1b6d6c72571bd1345885a6,0.30228865146636963,0.00028049946,0.0,0.15243902439024393,-0.5801285180246097,-0.0336436603982608,False
84,0.2344415485858917,0.208208754658699,0.1835687284282036,0.2940506623958598,0.1104819339676562,0.8292682926829268,0.7073170731707317,0.1082604527473449,0,6,1,0.8684308528900146,0.7601704001426697,0.1315691322088241,0.2398296147584915,0.1649999999999999,0.5178607948750318,0.3852824741138443,1,1,1,4d72edd40e9938e5cf4fae11090ff6efec29a75f84a2b1bdba176dd2ffb6cf74,0.15537124872207642,0.08676046,-0.02030611,0.6972125435540072,-0.61400668308701,-0.6021062305306397,True
85,0.0616347454488277,0.0687461346387863,0.026096151271619,0.103373982609112,0.077277831337493,0.975609756097561,0.902439024390244,0.0095204710960388,1,9,5,1.0,0.9904795289039612,0.0,0.0095204962417483,-0.255,-0.3790487791309345,-0.2863153815259429,1,1,1,7f701da107ff384227f25b7c05d9aa0483c2cf4503a87293de398b4db537434f,0.08521731942892075,0.009520471,0.0,-0.21463414634146344,-0.4145065823900297,-0.16799757616215052,True
86,0.0681028738617897,0.0693635269999504,0.2569813895282126,0.190806114493951,0.0661752750342616,0.7560975609756098,0.8048780487804879,0.0530582666397094,0,7,5,0.975448727607727,0.9223904609680176,0.0245512444525957,0.0776095688343048,-0.195,-0.4239673373927412,-0.5033776674338551,1,1,1,5f22cb913a8c936baecc1f0c17ebf558a5211c2a0235e3da33dd77e80e0a4bbc,0.0853208377957344,0.019479334,0.033578932,-0.24198606271777007,-0.24857603992053992,-0.632400828445628,True
87,0.0628392919898033,0.0733101516962051,0.0591265582087349,0.021954089393389,0.0371724688153459,0.951219512195122,0.975609756097561,0.0,28,0,29,1.0,1.0,0.0,0.0,-0.3149999999999999,-0.3413449072720668,-0.3859518698504819,1,1,1,b8a113a6003de3380eb34b73e35a9bd33634ad74917c5827d7017fdfe5adaab6,0.08804555237293243,0.0,0.0,0.8796167247386761,,,True
88,0.1596372127532959,0.1723841577768325,1.0,1.0,,0.8292682926829268,0.8292682926829268,0.0567786693572998,22,31,16,0.7603074312210083,0.7035287618637085,0.2396925389766693,0.2964712679386139,1.005,,,1,0,0,90f5231612ee02922f66dc61cf234b43fbc1140bde8d311c1561c37aa3e28a5a,0.10950200259685516,0.0968315,-0.0968315,0.18937282229965158,-0.0522638785094032,0.7965434594225766,False
89,0.0894919633865356,0.0877218395471572,0.3546221583996343,0.3434452700704729,0.0111768883291613,0.6585365853658537,0.5853658536585366,0.0046865940093994,6,7,35,0.8437564373016357,0.8390698432922363,0.1562435328960418,0.1609301567077636,0.195,0.6071343240845675,0.6205465900795611,1,3,1,e7a0f51438c2131b2103520046b15e224cd542ef2e2568d7a763946aec436754,0.11974769085645676,0.017782211,-0.017782211,0.3491289198606273,-0.03228432800678311,0.5253178310239524,False
90,0.0873948335647583,0.1124436780810356,0.0047058265799134,0.0272874680449962,0.0319932946249097,1.0,0.975609756097561,0.0,22,22,22,0.9067927598953248,0.9067927598953248,0.0932072177529335,0.0932072177529335,-0.645,-0.6122550383460045,-0.6506469918958961,1,1,1,005e86fa49679a068cab81df85b44d8e1af33275fcc0019c3412d9332658251b,0.09418581426143646,0.0,0.0,0.748432055749129,0.8514564727701981,0.8514564727701981,True
91,0.1802826076745987,0.1814574897289276,0.0004109825563317,0.0160920709727752,0.0165030535291069,1.0,0.975609756097561,0.218338131904602,24,26,29,0.7253199815750122,0.5069818496704102,0.2746800482273102,0.4930181503295898,-0.915,-0.8956895148326697,-0.915493179067598,1,1,1,15bc6ddc2985634d11757b5488338f73c164788e8f69ae396a0415443ff0b7b1,0.09400046616792679,0.028397918,0.23496026,0.6754355400696866,0.7977697427765656,0.7357582291573788,True
92,0.1107779741287231,0.1245617270469665,0.6071143329853549,0.2176648393984431,0.3894494935869116,0.4146341463414634,0.6585365853658537,0.0889616012573242,10,15,14,1.0,0.9110383987426758,0.0,0.0889616012573242,-0.4349999999999999,-0.6961978072781317,-1.1635371995824255,1,9,1,1933ec940918d46f8e97b9d03188595a087e7eee1ad0ba8032420fa52fe1cfc6,0.14788036048412323,0.0039252043,0.0850364,0.18763066202090598,0.17266563233933702,0.26845467763356956,False
93,0.0607273057103157,0.0744535252451896,0.0274888274004422,0.0605324421573487,0.0330436147569065,0.975609756097561,0.951219512195122,0.0988805890083313,13,3,18,0.619488537311554,0.5206079483032227,0.380511462688446,0.4793920218944549,0.2249999999999999,0.1523610694111814,0.1920134071194693,1,1,1,efb006229ac06d0495d25ec28648557ee4ec7173365bc8727dba8c3a232b2db8,0.09429183602333069,0.02088058,0.07800001,0.09773519163763067,0.04431475549275074,-0.11330477256669222,True
94,0.2613142430782318,0.2645651698112488,1.0,1.0,,0.8780487804878049,0.8780487804878049,0.1649314761161804,10,33,6,1.0,0.8350685238838196,0.0,0.1649314761161804,-1.065,,,1,0,0,39c44eff7ccca726c9bcdf50a3b9b84610560d712686254c7b3f20638adfcf8e,0.13790816068649292,0.16493148,-0.018644392,0.37543554006968644,-0.31418311592735887,-0.5194109861477988,False
95,0.2610626220703125,0.2195003777742386,1.0,1.0,,0.6097560975609756,0.6097560975609756,0.3095746040344238,4,17,7,0.7494322061538696,0.4398576021194458,0.2505677938461303,0.5601423978805542,0.735,,,1,0,0,5965f69bd82a9bc7568bba0583cb0228afa10070b2ce4f5b92eb558770cb0b11,0.13102121651172638,0.17010987,0.2416271,0.6585365853658538,-0.7518763039976049,-0.8183345535148322,False
96,0.1646967679262161,0.2058424651622772,0.003258624829346,0.0208123438382767,0.0175537190089306,1.0,0.975609756097561,0.0,4,0,4,1.0,1.0,0.0,0.0,0.915,0.8900251873940679,0.9110896502047846,1,1,1,f34e83a2992105c15805942ec098e185adb22801bf58303790c0afc1099b8963,0.10798227041959763,0.0,0.0,0.1914634146341464,,,True
97,0.1559632122516632,0.1705760359764099,0.0686722697690301,0.0039640935937942,0.0647081761752358,0.926829268292683,0.8536585365853658,0.0125622153282165,0,29,7,1.0,0.9874377846717834,0.0,0.0125622367486357,-0.975,-0.9797569123125532,-1.0574067237228362,1,3,1,1486d140ea16fea449c9a7a3a768b8e0274236696f4d328b0bb3211680cdbc16,0.11851472407579422,0.012562215,0.0,0.4292682926829269,-0.6281613420991029,-0.7139842891346089,False
98,0.20538230240345,0.203755497932434,0.0443449346024834,0.0042295750157494,0.0485745096182328,0.951219512195122,1.0,0.3396076560020447,19,26,21,0.9177122116088868,0.578104555606842,0.0822878032922744,0.4218954443931579,-0.945,-0.9500754900188992,-0.8917860784770199,1,1,1,3fdb6691cedffb1b5f2df600fbab4f2055a99d3b52755eef90a9c200904030e0,0.09676411747932434,0.1247955,0.19416398,0.8527874564459932,-0.5841255237357825,-0.6762165909028253,True
99,0.0513944551348686,0.0582003481686115,0.159735813317308,0.0947224039041678,0.0650134094131401,0.8536585365853658,0.902439024390244,0.1261560320854187,3,0,3,0.8558182716369629,0.7296622395515442,0.1441817581653595,0.2703377604484558,0.255,0.3686668846850015,0.4466829759807696,1,1,1,4c269aa5b5bcca7893da07a8f1dfcda9ab118cb38b7b1967e82d33ed8dfd2218,0.0823998972773552,0.12615603,0.0012288094,0.1526132404181185,-0.0692642375275644,-0.4745081272287658,True
