anchor,seed,wall_x,door_y,cost_range_pixels,baseline_normalized_regret,targeted_normalized_regret,wrong_metric_normalized_regret,targeted_improvement,wrong_metric_improvement,targeted_minus_wrong,baseline_latent_mse,targeted_latent_mse
0,1200000,26,30,36.7551022495536,0.0,0.0,0.0,0.0,0.0,0.0,0.99962664,0.18728174
1,1200001,29,18,28.40675449371338,0.8078599732007379,0.010350017311451801,0.8078599732007379,0.7975099558892861,0.0,0.7975099558892861,0.75014144,0.15450257
2,1200002,29,48,10.88516616821289,0.365314330111187,0.9542285370044518,0.365314330111187,-0.5889142068932647,0.0,-0.5889142068932647,0.9337626,0.3683794
3,1200003,32,36,8.311308860778809,0.6144065448244121,0.8863743466896706,0.547458250043402,-0.2719678018652585,0.06694829478101016,-0.33891609664626865,0.33190215,0.16019607
4,1200004,35,24,23.371542211933047,0.7288555164405706,2.094233900618913e-07,0.7288555164405706,0.7288553070171805,0.0,0.7288553070171805,0.8078698,0.24405724
5,1200005,38,42,13.354272663593292,0.7499308327527683,0.0,0.973582889561771,0.7499308327527683,-0.2236520568090027,0.973582889561771,1.3185136,0.24739921
6,1200006,26,30,22.273151193668127,0.30011919243399793,1.07395723528529e-06,0.13127062672828996,0.3001181184767626,0.16884856570570797,0.13126955277105465,0.97176224,0.17872728
7,1200007,29,18,37.36653134225253,0.7695576253657054,3.8952079946469657e-07,0.7695576253657054,0.7695572358449059,0.0,0.7695572358449059,0.8160196,0.14451325
8,1200008,29,48,37.479561689831826,0.8349398441503244,1.9199817843338455e-07,0.8349398441503244,0.8349396521521459,0.0,0.8349396521521459,1.0522517,0.23979163
9,1200009,32,36,38.05885267539725,0.17831166473518445,0.04880965410643146,0.17831166473518445,0.129502010628753,0.0,0.129502010628753,0.37595356,0.1599507
10,1200010,35,24,34.73855029305196,0.8350189883133582,0.0,0.8350189883133582,0.8350189883133582,0.0,0.8350189883133582,0.64063686,0.17103298
11,1200011,38,42,39.164276123046875,0.7133037164886799,0.6653358242391894,0.7133037164886799,0.047967892249490496,0.0,0.047967892249490496,1.1410441,0.22070569
12,1200012,26,30,33.611729415104946,0.3639249518805643,4.1991032223842237e-07,0.3639249518805643,0.36392453197024205,0.0,0.36392453197024205,1.0076809,0.18435933
13,1200013,29,18,21.68765139579773,0.87735739362266,0.0034472969667113263,0.8858754322271928,0.8739100966559487,-0.008518038604532818,0.8824281352604815,0.7405331,0.17389964
14,1200014,29,48,31.32383632659912,0.7364402948928379,0.9736622055377396,0.7364402948928379,-0.23722191064490172,0.0,-0.23722191064490172,0.8474677,0.22082122
15,1200015,32,36,33.64182376861572,0.7145345438595392,0.12108831529099565,0.7145345438595392,0.5934462285685436,0.0,0.5934462285685436,0.4390949,0.2071617
16,1200016,35,24,39.744806916363814,0.7618901813050571,6.705076027214687e-08,0.7618901813050571,0.7618901142542969,0.0,0.7618901142542969,0.7205373,0.17745212
17,1200017,38,42,16.973644495010376,0.8716349060032552,0.0,0.8233252952816391,0.8716349060032552,0.0483096107216161,0.8233252952816391,1.3608075,0.36029202
18,1200018,26,30,27.528290458300035,4.179799013700309e-08,4.179799013700309e-08,0.5138861714710388,0.0,-0.5138861296730486,0.5138861296730486,1.0650961,0.2129874
19,1200019,29,18,40.80423086203223,0.6388675213104443,3.739907079690005e-07,0.6388675213104443,0.6388671473197364,0.0,0.6388671473197364,0.80193496,0.15312842
20,1200020,29,48,11.344444274902344,0.5807837443230691,0.8536710315621555,0.5807837443230691,-0.2728872872390864,0.0,-0.2728872872390864,0.8147339,0.21535268
21,1200021,32,36,41.649650110166476,0.5461616079463351,1.8054658741114006e-10,0.5461616079463351,0.5461616077657885,0.0,0.5461616077657885,0.3956308,0.15848297
22,1200022,35,24,44.71380588252305,0.7828421643727552,0.0,0.7828421643727552,0.7828421643727552,0.0,0.7828421643727552,0.7282099,0.16947596
23,1200023,38,42,26.219342733169924,0.2983968437639091,8.318626921041276e-07,0.2983968437639091,0.298396011901217,0.0,0.298396011901217,1.1718684,0.2836548
24,1200024,26,30,22.936154901706686,0.31190941796748306,0.0,0.19968265469725338,0.31190941796748306,0.11222676327022968,0.19968265469725338,0.9622546,0.17739785
25,1200025,29,18,21.831536293029785,0.03592587374860896,0.3968991384554228,0.051701323932679615,-0.36097326470681385,-0.015775450184070658,-0.3451978145227432,0.8740047,0.18301786
26,1200026,29,48,15.609449855830462,0.6360357897135859,0.0,0.6360357897135859,0.6360357897135859,0.0,0.6360357897135859,1.0044273,0.24236369
27,1200027,32,36,16.95360766851809,0.5468147165999492,0.05098820326837336,1.0,0.4958265133315758,-0.4531852834000508,0.9490117967316266,0.46642843,0.18664451
28,1200028,35,24,32.912144541611724,0.35387805671015293,0.04242322401102385,0.35387805671015293,0.3114548326991291,0.0,0.3114548326991291,0.65773255,0.17340589
29,1200029,38,42,37.62895835600466,0.32244610150492137,3.6678290072190447e-07,3.6678290072190447e-07,0.32244573472202065,0.32244573472202065,0.0,1.2742546,0.25766814
30,1200030,26,30,35.09901692816038,0.09494144740012916,2.3988270722499053e-09,2.3988270722499053e-09,0.0949414450013021,0.0949414450013021,0.0,0.9733628,0.19513038
31,1200031,29,18,27.73684787750244,0.21498464819016982,0.9905448296261822,0.21498464819016982,-0.7755601814360124,0.0,-0.7755601814360124,0.7859716,0.1985542
32,1200032,29,48,30.289879322052002,0.7694607047857592,0.044283188498257804,0.7694607047857592,0.7251775162875014,0.0,0.7251775162875014,1.0171947,0.20012355
33,1200033,32,36,21.89056409755358,0.9461946372335251,0.8901717883169102,0.6412531737464405,0.05602284891661491,0.3049414634870846,-0.2489186145704697,0.38958877,0.18301395
34,1200034,35,24,41.05838077359385,0.7690186828271212,4.250506375885087e-07,0.7690186828271212,0.7690182577764836,0.0,0.7690182577764836,0.7051546,0.15179159
35,1200035,38,42,14.275519281375637,0.9401024128364297,0.05161009345800022,1.0,0.8884923193784295,-0.0598975871635703,0.9483899065419998,1.1554414,0.25027162
36,1200036,26,30,20.871160525691266,7.497107487285478e-07,7.497107487285478e-07,7.497107487285478e-07,0.0,0.0,0.0,1.0657628,0.22717816
37,1200037,29,18,27.673137136103833,0.8145396097397122,1.3744634004562756e-07,0.8145396097397122,0.8145394722933721,0.0,0.8145394722933721,0.7996002,0.1358803
38,1200038,29,48,12.120609658978537,0.7869996871502614,1.577864296887688e-06,0.7869996871502614,0.7869981092859645,0.0,0.7869981092859645,0.95252645,0.22570826
39,1200039,32,36,33.09943204537376,0.0797055790303777,8.633000400053135e-08,0.611130118327834,0.07970549270037369,-0.5314245392974564,0.6111300319978301,0.5048454,0.1779228
40,1200040,35,24,31.253913143325917,0.8399254401380708,4.753241343356093e-07,0.8399254401380708,0.8399249648139364,0.0,0.8399249648139364,0.6603971,0.16113664
41,1200041,38,42,27.99156026181481,0.5432784267132004,0.06284165546979915,1.0,0.48043677124340123,-0.45672157328679963,0.9371583445302009,1.2836787,0.2330556
42,1200042,26,30,12.353119850158691,0.22720605009501524,0.005195247346502038,0.22720605009501524,0.2220108027485132,0.0,0.2220108027485132,0.9794061,0.19424331
43,1200043,29,18,48.1763177539965,0.6943754484471414,0.020484006495235792,0.6943754484471414,0.6738914419519056,0.0,0.6738914419519056,0.82548726,0.14268897
44,1200044,29,48,30.410549086336687,0.9296472639820732,0.0,0.8972320797969384,0.9296472639820732,0.03241518418513478,0.8972320797969384,0.9425702,0.21524069
45,1200045,32,36,37.47238802909851,0.6530409344338709,0.6353227592132108,0.6530409344338709,0.017718175220660104,0.0,0.017718175220660104,0.4552261,0.19496281
46,1200046,35,24,25.876845359802246,0.6447570135578677,0.036779830528219766,0.6447570135578677,0.607977183029648,0.0,0.607977183029648,0.6981491,0.16222978
47,1200047,38,42,20.930297017097473,0.8208368923560004,0.0,0.8208368923560004,0.8208368923560004,0.0,0.8208368923560004,1.353823,0.26657495
48,1200048,26,30,30.337833531348224,7.390097209887387e-09,2.675672068326882e-07,2.675672068326882e-07,-2.601771096228008e-07,-2.601771096228008e-07,0.0,1.0395492,0.20225497
49,1200049,29,18,6.557397842407227,0.013388152584450395,0.5201132065044293,0.019103743057302794,-0.5067250539199789,-0.005715590472852399,-0.5010094634471265,0.8116266,0.15625352
50,1200050,29,48,27.6289483794676,0.9875116030373118,0.0,0.9875116030373118,0.9875116030373118,0.0,0.9875116030373118,0.9702885,0.23457806
51,1200051,32,36,34.00936351332348,0.3083236953439149,0.09724709703758272,0.3083236953439149,0.21107659830633219,0.0,0.21107659830633219,0.34238732,0.17727017
52,1200052,35,24,35.69028753042221,0.10699025200358547,0.013569964416347145,0.10699025200358547,0.09342028758723833,0.0,0.09342028758723833,0.8559272,0.2542652
53,1200053,38,42,31.066125979978096,0.6508286655286766,7.976729783902486e-07,1.0,0.6508278678556982,-0.3491713344713234,0.9999992023270217,1.235516,0.22191644
54,1200054,26,30,24.33730435122908,0.22412895151824172,5.030361672068477e-07,0.22412895151824172,0.22412844848207453,0.0,0.22412844848207453,1.0760592,0.17367604
55,1200055,29,18,45.15882049654374,0.6959949407003484,2.5099285624443055e-08,0.6713315945000948,0.6959949156010627,0.024663346200253566,0.6713315694008092,0.8955163,0.14447905
56,1200056,29,48,36.726115759467575,0.759119599139054,1.0,0.759119599139054,-0.24088040086094598,0.0,-0.24088040086094598,0.89651835,0.30409798
57,1200057,32,36,24.58001966775919,0.7594839954374396,1.457850757840747e-07,0.7594839954374396,0.7594838496523638,0.0,0.7594838496523638,0.42247954,0.20602222
58,1200058,35,24,17.82928204536438,0.9559461748183496,0.0,0.0,0.9559461748183496,0.9559461748183496,0.0,0.6263162,0.1877711
59,1200059,38,42,24.09740441879876,0.8406418242618948,8.191854196364515e-07,0.29758387518966417,0.8406410050764752,0.5430579490722307,0.2975830560042445,1.3145659,0.26275986
60,1200060,26,30,21.59932259101697,0.28685174784133266,0.03288087540073327,0.9559797504109426,0.2539708724405994,-0.66912800256961,0.9230988750102094,1.0030693,0.18233867
61,1200061,29,18,17.017841339111328,0.5684984168791505,0.16712118579954607,0.5684984168791505,0.40137723107960444,0.0,0.40137723107960444,0.7712559,0.13258235
62,1200062,29,48,10.662395477294922,0.4655087165568965,0.007078770111656791,0.007078770111656791,0.4584299464452397,0.4584299464452397,0.0,0.98242605,0.2540638
63,1200063,32,36,29.29290591910285,2.906314510342256e-07,2.007042332064654e-08,0.23533300929274203,2.7056102771357907e-07,-0.235332718661291,0.2353329892223187,0.45520344,0.15339977
64,1200064,35,24,19.904576873990663,0.22115344333013165,0.5718729636114649,0.4437555825090507,-0.35071952028133324,-0.22260213917891902,-0.12811738110241422,0.67149216,0.18307072
65,1200065,38,42,8.679882049560547,0.7103234230429304,0.0,0.4426764727985975,0.7103234230429304,0.2676469502443329,0.4426764727985975,1.1725411,0.2527729
66,1200066,26,30,32.86246491432212,0.0,0.0,0.8588664397002475,0.0,-0.8588664397002475,0.8588664397002475,1.0595207,0.17602617
67,1200067,29,18,20.465847196050163,0.8135215885094991,0.9490815380229461,0.7562524730282741,-0.13555994951344708,0.05726911548122493,-0.192829064994672,0.83491284,0.16038844
68,1200068,29,48,20.224102020263672,0.8546804594136856,0.0,0.8546804594136856,0.8546804594136856,0.0,0.8546804594136856,0.91590863,0.24118283
69,1200069,32,36,36.42855003218756,0.650042152550904,0.0,0.650042152550904,0.650042152550904,0.0,0.650042152550904,0.38907737,0.14479537
70,1200070,35,24,23.878058433532715,0.46849693299681494,0.1283318260885402,0.46849693299681494,0.34016510690827473,0.0,0.34016510690827473,0.61808044,0.1592128
71,1200071,38,42,26.985667035754886,0.6435592432287963,0.042559639086902086,0.042559639086902086,0.6009996041418942,0.6009996041418942,0.0,1.1901417,0.21870902
72,1200072,26,30,21.52458982891767,1.005974055316618e-06,1.005974055316618e-06,1.005974055316618e-06,0.0,0.0,0.0,0.97099847,0.1679053
73,1200073,29,18,26.523154039576184,0.8982357784541063,0.0,0.8982357784541063,0.8982357784541063,0.0,0.8982357784541063,0.86496913,0.1483701
74,1200074,29,48,35.75157642364502,0.9173903179516673,0.06154892020151917,0.9173903179516673,0.8558413977501481,0.0,0.8558413977501481,0.949345,0.21202901
75,1200075,32,36,42.0032662144622,0.33313835046834134,3.618591514917592e-07,0.33313835046834134,0.33313798860918986,0.0,0.33313798860918986,0.4336994,0.14815679
76,1200076,35,24,27.48655915260315,0.9738780574407423,0.9516571276454147,0.5079560455154587,0.022220929795327637,0.4659220119252836,-0.44370108212995596,0.7219362,0.18853824
77,1200077,38,42,19.34022351666863,1.0,0.09550702879221705,0.3720684165407989,0.9044929712077829,0.6279315834592011,0.27656138774858186,1.146382,0.26146892
78,1200078,26,30,21.53311611961817,0.7845893719755485,3.671005012637608e-07,0.7845893719755485,0.7845890048750472,0.0,0.7845890048750472,1.0768291,0.19584431
79,1200079,29,18,29.077457427978516,0.550206881460249,0.977298533115399,0.550206881460249,-0.42709165165515006,0.0,-0.42709165165515006,0.7777288,0.15844586
