anchor_state,cost_range,readout_gt_rho,readout_gt_pairwise_accuracy,readout_gt_topk_retrieval,readout_gt_selected_index,readout_gt_oracle_index,readout_gt_selection_regret,readout_gt_boundary_pair_accuracy,readout_gt_near_adjacent_accuracy,readout_gt_far_adjacent_accuracy,readout_gt_near_pair_count,readout_gt_far_pair_count,readout_pred_rho,readout_pred_pairwise_accuracy,readout_pred_topk_retrieval,readout_pred_selected_index,readout_pred_oracle_index,readout_pred_selection_regret,readout_pred_boundary_pair_accuracy,readout_pred_near_adjacent_accuracy,readout_pred_far_adjacent_accuracy,readout_pred_near_pair_count,readout_pred_far_pair_count,l2_gt_rho,l2_gt_pairwise_accuracy,l2_gt_topk_retrieval,l2_gt_selected_index,l2_gt_oracle_index,l2_gt_selection_regret,l2_gt_boundary_pair_accuracy,l2_gt_near_adjacent_accuracy,l2_gt_far_adjacent_accuracy,l2_gt_near_pair_count,l2_gt_far_pair_count,l2_pred_rho,l2_pred_pairwise_accuracy,l2_pred_topk_retrieval,l2_pred_selected_index,l2_pred_oracle_index,l2_pred_selection_regret,l2_pred_boundary_pair_accuracy,l2_pred_near_adjacent_accuracy,l2_pred_far_adjacent_accuracy,l2_pred_near_pair_count,l2_pred_far_pair_count,g_pred,g_metric,baseline_search_reference_oracle_index,baseline_search_reference_oracle_cost,baseline_search_search_oracle_index,baseline_search_search_oracle_cost,baseline_search_selected_index,baseline_search_selected_cost,baseline_search_g_search,baseline_search_g_select,baseline_search_total_search_regret,baseline_search_unique_queries,readout_search_reference_oracle_index,readout_search_reference_oracle_cost,readout_search_search_oracle_index,readout_search_search_oracle_cost,readout_search_selected_index,readout_search_selected_cost,readout_search_g_search,readout_search_g_select,readout_search_total_search_regret,readout_search_unique_queries
0,0.21388965845108032,0.5009164492106805,0.9090909090909091,1.0,10,11,0.012535452842712402,0.0,0.6,1.0,5,1,0.4340947220267292,0.863030303030303,0.0,70,11,0.0,1.0,0.8,1.0,5,1,0.3367443396877947,0.7696969696969697,1.0,1,11,0.20367372035980225,1.0,0.4,1.0,5,1,-0.46306850157754575,0.12848484848484848,1.0,0,11,0.21388965845108032,0.0,0.8,0.0,5,1,-0.012535452842712402,0.21388965845108032,11,0.5649067163467407,23,0.5649067163467407,0,0.778796374797821,0.0,0.21388965845108032,0.21388965845108032,18,11,0.5649067163467407,23,0.5649067163467407,80,0.5649067163467407,0.0,0.0,0.0,26
1,0.43638336658477783,0.9309937511561512,0.9529276693455798,1.0,43,44,0.007590830326080322,1.0,0.8,0.6666666666666666,5,21,0.8197681629881806,0.8656716417910447,1.0,43,44,0.007590830326080322,0.0,0.8,0.7619047619047619,5,21,0.6301889014353901,0.7259854573287409,0.0,49,44,0.1157146692276001,0.0,0.2,0.5238095238095238,5,21,0.8537482509098689,0.8897818599311137,0.0,64,44,0.053736090660095215,1.0,1.0,0.6190476190476191,5,21,0.0,0.04614526033401489,44,0.5636166334152222,44,0.5636166334152222,67,0.6173527240753174,0.0,0.053736090660095215,0.053736090660095215,26,44,0.5636166334152222,44,0.5636166334152222,53,0.6218066215515137,0.0,0.058189988136291504,0.058189988136291504,23
2,0.29605740308761597,0.3729958639866681,0.72646404744255,1.0,12,11,0.004547238349914551,0.0,0.4,0.8888888888888888,5,9,0.7176821735469239,0.971830985915493,1.0,14,11,0.022905945777893066,1.0,1.0,1.0,5,9,-0.044060735084717084,0.4744255003706449,1.0,11,11,0.0,1.0,0.4,0.3333333333333333,5,9,0.10037576709085652,0.5670867309117865,1.0,1,11,0.2752750515937805,1.0,1.0,0.2222222222222222,5,9,0.018358707427978516,0.25236910581588745,11,0.5436273813247681,12,0.5481746196746826,3,0.7509745955467224,0.004547238349914551,0.2027999758720398,0.20734721422195435,30,11,0.5436273813247681,15,0.5763382315635681,69,0.6053512692451477,0.03271085023880005,0.02901303768157959,0.06172388792037964,36
3,0.2575286626815796,0.8901307852388431,0.9658981748318924,0.0,47,48,0.004973292350769043,0.0,0.4,0.6666666666666666,5,3,0.9172042575636813,0.9980787704130644,0.0,69,48,0.0,1.0,1.0,0.6666666666666666,5,3,-0.5821508470562852,0.21805955811719502,0.0,36,48,0.24248236417770386,0.0,0.4,0.3333333333333333,5,3,-0.2706498324251927,0.3688760806916426,0.0,38,48,0.19563645124435425,0.0,0.2,1.0,5,3,-0.004973292350769043,0.19563645124435425,48,0.7424713373184204,52,0.7424713373184204,37,0.9629921913146973,0.0,0.22052085399627686,0.22052085399627686,18,48,0.7424713373184204,50,0.7424713373184204,63,0.7424713373184204,0.0,0.0,0.0,30
4,0.19325792789459229,0.9569332205879101,0.9653929343907715,1.0,78,57,0.0,1.0,1.0,0.6551724137931034,5,29,0.9561722032178481,0.9736842105263158,1.0,62,57,0.0,0.0,0.6,0.9655172413793104,5,29,0.8275141454125453,0.8514780100937275,0.0,52,57,0.01677781343460083,0.0,0.4,0.6551724137931034,5,29,0.9684637868009681,0.9772891131939437,0.0,78,57,0.0,1.0,1.0,0.7586206896551724,5,29,0.0,0.0,57,0.8067420721054077,67,0.8067420721054077,78,0.8067420721054077,0.0,0.0,0.0,18,57,0.8067420721054077,57,0.8067420721054077,63,0.8067420721054077,0.0,0.0,0.0,27
5,0.13926702737808228,0.8839469422385924,0.8941717791411042,0.0,56,70,0.0024183988571166992,,0.5,0.5555555555555556,4,27,0.6209823321041842,0.7105061349693251,0.0,61,70,0.0027511119842529297,,0.0,0.48148148148148145,4,27,0.7244245566528338,0.7707055214723927,0.0,47,70,0.014709889888763428,,0.5,0.6296296296296297,4,27,0.7574052840844626,0.7845092024539877,0.0,50,70,0.007708251476287842,,0.0,0.6666666666666666,4,27,0.00033271312713623047,0.004957139492034912,70,0.8607329726219177,80,0.8607329726219177,49,0.8698416352272034,0.0,0.009108662605285645,0.009108662605285645,21,70,0.8607329726219177,70,0.8607329726219177,61,0.8634840846061707,0.0,0.0027511119842529297,0.0027511119842529297,28
6,0.16653257608413696,0.5497196313229153,0.7703232125367288,1.0,25,26,0.00024563074111938477,0.0,0.2,0.6875,5,16,0.5891224776088809,0.8041136141038198,0.0,31,26,0.016451537609100342,1.0,0.2,0.9375,5,16,-0.5413986923736374,0.24240940254652302,0.0,7,26,0.15732043981552124,0.0,0.4,0.4375,5,16,-0.38665483080614166,0.3535749265426053,0.0,15,26,0.03792238235473633,1.0,1.0,0.5,5,16,0.016205906867980957,0.021470844745635986,26,0.833467423915863,31,0.8499189615249634,15,0.8713898062705994,0.016451537609100342,0.021470844745635986,0.03792238235473633,20,26,0.833467423915863,24,0.834545373916626,31,0.8499189615249634,0.0010779500007629395,0.015373587608337402,0.016451537609100342,23
7,0.08151745796203613,0.746230065405109,0.8568320278503047,0.0,24,44,0.08138948678970337,1.0,0.8,0.5454545454545454,5,11,0.783221760952543,0.8724978241949521,0.0,78,44,0.0,1.0,0.4,0.9090909090909091,5,11,0.7593957844651368,0.8537859007832899,0.0,22,44,0.08151745796203613,1.0,0.6,0.5454545454545454,5,11,0.937404015269429,0.9995648389904265,0.0,65,44,0.0,1.0,1.0,0.9090909090909091,5,11,-0.08138948678970337,0.0,44,0.9184825420379639,58,0.9184825420379639,67,0.9184825420379639,0.0,0.0,0.0,21,44,0.9184825420379639,58,0.9184825420379639,78,0.9184825420379639,0.0,0.0,0.0,13
8,0.33686375617980957,0.9731927063041835,0.9538914323086986,1.0,66,67,0.0014188289642333984,0.0,0.6,0.5909090909090909,5,44,0.9933280409241321,0.9934597776324395,1.0,80,67,0.0,1.0,1.0,0.9090909090909091,5,44,-0.3232095764586543,0.3649444081098757,0.0,30,67,0.18016523122787476,1.0,0.6,0.5227272727272727,5,44,-0.0639472802980776,0.41236102027468935,0.0,29,67,0.19253438711166382,0.0,0.0,0.4318181818181818,5,44,-0.0014188289642333984,0.19253438711166382,67,0.6631362438201904,77,0.6631362438201904,29,0.8556706309318542,0.0,0.19253438711166382,0.19253438711166382,25,67,0.6631362438201904,67,0.6631362438201904,80,0.6631362438201904,0.0,0.0,0.0,24
9,0.42912817001342773,0.6645129709958838,0.8868541530412034,1.0,6,9,0.08095681667327881,,,0.5909090909090909,0,22,0.693458739700811,0.880967952910399,0.0,19,9,0.37900716066360474,,,0.7272727272727273,0,22,-0.2896018392838584,0.33093525179856115,1.0,13,9,0.221430242061615,,,0.5454545454545454,0,22,0.43164945124518944,0.7455853499018966,1.0,6,9,0.08095681667327881,,,0.7272727272727273,0,22,0.2980503439903259,-0.2980503439903259,9,0.5708718299865723,4,0.6869099736213684,2,0.7213895320892334,0.11603814363479614,0.03447955846786499,0.15051770210266113,40,9,0.5708718299865723,0,0.7616270184516907,18,0.8776962757110596,0.1907551884651184,0.1160692572593689,0.3068244457244873,21
10,0.25006431341171265,0.8613859454136353,0.8834628190899001,1.0,17,22,0.06832408905029297,0.0,0.4,0.6571428571428571,5,35,0.906804519603673,0.903810580836108,0.0,14,22,0.10914301872253418,1.0,1.0,0.45714285714285713,5,35,0.18359207383717618,0.5242323344432113,0.0,6,22,0.11187952756881714,0.0,0.4,0.4,5,35,0.5157650960931525,0.6470588235294118,0.0,3,22,0.11115133762359619,0.0,0.4,0.5714285714285714,5,35,0.04081892967224121,0.0020083189010620117,22,0.6022393703460693,23,0.609216570854187,2,0.7129096984863281,0.006977200508117676,0.10369312763214111,0.11067032814025879,23,22,0.6022393703460693,22,0.6022393703460693,13,0.7125581502914429,0.0,0.11031877994537354,0.11031877994537354,27
11,0.36061060428619385,0.572897486011409,0.7588555858310627,0.0,31,35,0.06294631958007812,,0.0,0.5833333333333334,4,24,0.7132004301625727,0.8628519527702089,1.0,45,35,3.337860107421875e-06,,0.25,0.875,4,24,0.12501972335591746,0.5808356039963669,0.0,28,35,0.09063363075256348,,0.75,0.4583333333333333,4,24,-0.568431609805006,0.21071752951861944,0.0,13,35,0.18292760848999023,,0.0,0.4583333333333333,4,24,-0.0629429817199707,0.1829242706298828,35,0.6393893957138062,35,0.6393893957138062,13,0.8223170042037964,0.0,0.18292760848999023,0.18292760848999023,30,35,0.6393893957138062,35,0.6393893957138062,48,0.6393927335739136,0.0,3.337860107421875e-06,3.337860107421875e-06,27
12,0.18461203575134277,0.8192955514533787,0.8833333333333333,1.0,23,41,0.031649887561798096,1.0,0.8,0.5483870967741935,5,31,0.24470510041572258,0.5971544715447155,0.0,35,41,0.02489769458770752,0.0,0.0,0.8387096774193549,5,31,0.6211957865215068,0.7686991869918699,0.0,31,41,0.03824567794799805,0.0,0.6,0.5806451612903226,5,31,0.7820088751440311,0.8845528455284553,0.0,54,41,0.0,0.0,0.4,0.9032258064516129,5,31,-0.006752192974090576,-0.02489769458770752,41,0.8153812885284424,41,0.8153812885284424,56,0.8153812885284424,0.0,0.0,0.0,29,41,0.8153812885284424,44,0.8153812885284424,33,0.8509020209312439,0.0,0.035520732402801514,0.035520732402801514,22
13,0.22211956977844238,0.8874705421610775,0.9740389415876186,0.0,80,42,0.0,0.0,0.6,0.0,5,1,0.843038650074598,0.9385921118322517,0.0,46,42,0.0,0.0,0.8,1.0,5,1,0.47913921863183906,0.7194208686969545,0.0,38,42,0.04433852434158325,1.0,0.4,0.0,5,1,0.430721122699703,0.6874687968047928,0.0,30,42,0.22211956977844238,0.0,0.0,1.0,5,1,0.0,0.22211956977844238,42,0.7778804302215576,45,0.7778804302215576,79,0.7778804302215576,0.0,0.0,0.0,21,42,0.7778804302215576,42,0.7778804302215576,46,0.7778804302215576,0.0,0.0,0.0,22
14,0.3011910915374756,0.9187304147073272,0.9468302658486708,0.0,68,75,0.02176082134246826,1.0,0.6,0.6923076923076923,5,26,0.9095878051000118,0.9615541922290388,1.0,80,75,0.0,0.0,0.4,0.8846153846153846,5,26,0.7756839225813368,0.8302658486707567,0.0,57,75,0.13128900527954102,0.0,0.8,0.5384615384615384,5,26,0.8387954885075883,0.8732106339468303,0.0,61,75,0.08839845657348633,1.0,0.8,0.7692307692307693,5,26,-0.02176082134246826,0.08839845657348633,75,0.6988089084625244,75,0.6988089084625244,61,0.7872073650360107,0.0,0.08839845657348633,0.08839845657348633,24,75,0.6988089084625244,75,0.6988089084625244,80,0.6988089084625244,0.0,0.0,0.0,17
15,0.3625599145889282,0.6216522626568739,0.8091116173120729,1.0,22,20,0.00833582878112793,1.0,0.6,0.7619047619047619,5,21,0.4765725789917154,0.7339407744874715,0.0,26,20,0.03656959533691406,1.0,1.0,0.7142857142857143,5,21,0.21012876067496075,0.5904328018223235,0.0,25,20,0.030998826026916504,0.0,0.6,0.2857142857142857,5,21,0.17039459530977222,0.5676537585421413,0.0,27,20,0.040067434310913086,0.0,0.6,0.47619047619047616,5,21,0.028233766555786133,0.0034978389739990234,20,0.6374400854110718,23,0.6541794538497925,58,0.6686666011810303,0.016739368438720703,0.014487147331237793,0.031226515769958496,30,20,0.6374400854110718,23,0.6541794538497925,69,0.6686666011810303,0.016739368438720703,0.014487147331237793,0.031226515769958496,30
16,0.3381788730621338,0.8957225682884177,0.9230145867098866,1.0,53,57,0.04369401931762695,1.0,0.6,0.5625,5,16,0.9488474326431681,0.9817666126418152,0.0,80,57,0.0,1.0,1.0,0.6875,5,16,-0.07226352821552945,0.4821717990275527,0.0,50,57,0.185840904712677,0.0,0.8,0.6875,5,16,0.5978734178028164,0.7346029173419774,0.0,48,57,0.198248028755188,1.0,0.2,0.8125,5,16,-0.04369401931762695,0.198248028755188,57,0.6618211269378662,58,0.6618211269378662,78,0.6618211269378662,0.0,0.0,0.0,29,57,0.6618211269378662,60,0.6618211269378662,80,0.6618211269378662,0.0,0.0,0.0,16
17,0.49191832542419434,0.9005814105260097,0.9327862446268074,0.0,45,50,0.07219827175140381,1.0,0.4,0.6666666666666666,5,18,0.9304676248103543,0.9620945681906995,1.0,52,50,0.0,1.0,0.8,0.7777777777777778,5,18,-0.6500222318120634,0.25791324736225085,0.0,43,50,0.22102928161621094,0.0,0.4,0.6111111111111112,5,18,-0.6426531887760568,0.2751074638530676,0.0,40,50,0.30395472049713135,0.0,0.6,0.8888888888888888,5,18,-0.07219827175140381,0.30395472049713135,50,0.5080816745758057,52,0.5080816745758057,39,0.81926429271698,0.0,0.3111826181411743,0.3111826181411743,21,50,0.5080816745758057,50,0.5080816745758057,53,0.5080816745758057,0.0,0.0,0.0,34
18,0.2737138271331787,0.8892216140961593,0.9280397022332506,1.0,34,33,0.005652904510498047,,0.0,0.7058823529411765,2,34,0.7119383371652116,0.8420181968569065,1.0,33,33,0.0,,0.0,0.8235294117647058,2,34,0.064050732310536,0.5260545905707196,0.0,53,33,0.150712251663208,,1.0,0.38235294117647056,2,34,0.0636534251364293,0.5318444995864351,0.0,52,33,0.14505130052566528,,1.0,0.29411764705882354,2,34,-0.005652904510498047,0.14505130052566528,33,0.7262861728668213,33,0.7262861728668213,52,0.8713374733924866,0.0,0.14505130052566528,0.14505130052566528,34,33,0.7262861728668213,33,0.7262861728668213,32,0.753418505191803,0.0,0.02713233232498169,0.02713233232498169,39
19,0.09798890352249146,-0.15966991414018888,0.44508670520231214,0.0,48,51,0.009413540363311768,,0.25,0.6857142857142857,4,35,0.60255183041514,0.7167630057803468,0.0,38,51,0.0376284122467041,,0.0,0.4,4,35,0.005126323966729388,0.5010838150289018,0.0,48,51,0.009413540363311768,,0.25,0.37142857142857144,4,35,-0.22982632516902615,0.4288294797687861,0.0,3,51,0.09798890352249146,,1.0,0.5142857142857142,4,35,0.028214871883392334,0.060360491275787354,51,0.9020110964775085,56,0.9020110964775085,3,1.0,0.0,0.09798890352249146,0.09798890352249146,17,51,0.9020110964775085,51,0.9020110964775085,56,0.9020110964775085,0.0,0.0,0.0,37
20,0.18046462535858154,0.7651865242226763,0.793841166936791,0.0,48,58,0.013620197772979736,1.0,0.6,0.5,5,54,0.8950998859524707,0.8764991896272285,0.0,80,58,0.007382869720458984,1.0,0.4,0.7037037037037037,5,54,-0.6615462454274089,0.24473257698541329,0.0,12,58,0.17597484588623047,0.0,0.4,0.4444444444444444,5,54,-0.41746522106675094,0.35688816855753647,0.0,0,58,0.177348792552948,0.0,0.2,0.4074074074074074,5,54,-0.006237328052520752,0.169965922832489,58,0.8129751086235046,61,0.8161235451698303,0,0.9903239011764526,0.0031484365463256836,0.17420035600662231,0.177348792552948,30,58,0.8129751086235046,61,0.8161235451698303,80,0.8203579783439636,0.0031484365463256836,0.004234433174133301,0.007382869720458984,20
21,0.4205054044723511,0.7767288796620527,0.8742762613730356,1.0,23,25,0.009824037551879883,0.0,0.6,0.6,5,30,0.761139594328355,0.8573200992555832,0.0,28,25,0.023790836334228516,1.0,0.8,0.8,5,30,-0.24272323608849075,0.4143920595533499,0.0,2,25,0.35469967126846313,0.0,0.4,0.4,5,30,-0.036649344713072206,0.47973531844499584,1.0,0,25,0.4205054044723511,1.0,1.0,0.36666666666666664,5,30,0.013966798782348633,0.39671456813812256,25,0.5241235494613647,25,0.5241235494613647,0,0.9446289539337158,0.0,0.4205054044723511,0.4205054044723511,25,25,0.5241235494613647,25,0.5241235494613647,29,0.5546575784683228,0.0,0.030534029006958008,0.030534029006958008,24
22,0.2837667465209961,0.5729947008337165,0.8856209150326797,0.0,16,17,0.0069672465324401855,0.0,0.6,0.7142857142857143,5,7,-0.09877195222266505,0.4207516339869281,0.0,10,17,0.13103389739990234,0.0,0.0,1.0,5,7,0.40772973050965233,0.744281045751634,1.0,13,17,0.06220698356628418,0.0,0.6,0.2857142857142857,5,7,0.6883899075817314,0.9501633986928104,0.0,75,17,0.0,1.0,1.0,0.2857142857142857,5,7,0.12406665086746216,-0.13103389739990234,17,0.6897014379501343,20,0.6897014379501343,77,0.6897014379501343,0.0,0.0,0.0,34,17,0.6897014379501343,17,0.6897014379501343,12,0.7744967937469482,0.0,0.08479535579681396,0.08479535579681396,31
23,0.5574570894241333,0.8373282970446493,0.8528439153439153,1.0,35,34,0.012860417366027832,1.0,0.6,0.7446808510638298,5,47,0.7948364662376435,0.843584656084656,1.0,36,34,0.08382809162139893,1.0,1.0,0.8297872340425532,5,47,0.19382198642101794,0.5823412698412699,1.0,34,34,0.0,0.0,0.0,0.5531914893617021,5,47,0.10511316966655301,0.5525793650793651,1.0,31,34,0.20650053024291992,0.0,0.6,0.6382978723404256,5,47,0.0709676742553711,0.122672438621521,34,0.4425429105758667,34,0.4425429105758667,32,0.5468516945838928,0.0,0.10430878400802612,0.10430878400802612,22,34,0.4425429105758667,34,0.4425429105758667,37,0.5923738479614258,0.0,0.14983093738555908,0.14983093738555908,31
24,0.12019872665405273,0.5710575720352558,0.990728476821192,1.0,1,0,0.020869433879852295,1.0,0.6,,5,0,0.5714527675868373,1.0,1.0,0,0,0.0,1.0,1.0,,5,0,0.38108707039003265,0.8066225165562914,1.0,4,0,0.07202506065368652,0.0,0.6,,5,0,0.046277399090192704,0.543046357615894,0.0,7,0,0.10453909635543823,1.0,0.6,,5,0,-0.020869433879852295,0.10453909635543823,0,0.8727874159812927,0,0.8727874159812927,25,0.9929861426353455,0.0,0.12019872665405273,0.12019872665405273,25,0,0.8727874159812927,0,0.8727874159812927,0,0.8727874159812927,0.0,0.0,0.0,17
25,0.1563623547554016,0.6168668067228515,0.9008620689655172,1.0,9,3,0.04897964000701904,0.0,0.8,0.5,5,6,0.5364977256847592,0.8612068965517241,1.0,7,3,0.028031885623931885,0.0,0.4,0.8333333333333334,5,6,0.5451713492244402,0.8724137931034482,1.0,0,3,0.01883566379547119,0.0,0.4,0.3333333333333333,5,6,0.43121228039597304,0.7810344827586206,1.0,0,3,0.01883566379547119,1.0,0.2,0.3333333333333333,5,6,-0.020947754383087158,-0.009196221828460693,3,0.6185725927352905,3,0.6185725927352905,0,0.6374082565307617,0.0,0.01883566379547119,0.01883566379547119,16,3,0.6185725927352905,3,0.6185725927352905,4,0.6228621602058411,0.0,0.004289567470550537,0.004289567470550537,18
26,0.18925631046295166,0.22830796343399865,0.6396551724137931,1.0,0,0,0.0,0.0,0.2,0.8333333333333334,5,6,0.6948644476171358,0.9956896551724138,1.0,0,0,0.0,1.0,1.0,0.6666666666666666,5,6,0.650066968736162,0.9456896551724138,1.0,5,0,0.08123934268951416,0.0,0.8,0.5,5,6,0.47373577557740504,0.8094827586206896,1.0,8,0,0.12958687543869019,0.0,0.6,0.6666666666666666,5,6,0.0,0.12958687543869019,0,0.6547859311103821,0,0.6547859311103821,5,0.7360252737998962,0.0,0.08123934268951416,0.08123934268951416,17,0,0.6547859311103821,0,0.6547859311103821,0,0.6547859311103821,0.0,0.0,0.0,17
27,0.39424246549606323,0.9406807353613349,0.9130154639175257,1.0,9,9,0.0,1.0,0.6,0.6296296296296297,5,54,0.9696764175636887,0.9387886597938144,1.0,7,9,0.011319518089294434,1.0,1.0,0.7037037037037037,5,54,-0.1479505818791458,0.44490979381443296,1.0,8,9,0.0018835663795471191,0.0,0.8,0.5,5,54,0.17823949873371717,0.5798969072164949,0.0,46,9,0.2215314507484436,1.0,1.0,0.5185185185185185,5,54,0.011319518089294434,0.21021193265914917,9,0.43950802087783813,7,0.45082753896713257,46,0.6610394716262817,0.011319518089294434,0.21021193265914917,0.2215314507484436,22,9,0.43950802087783813,9,0.43950802087783813,7,0.45082753896713257,0.0,0.011319518089294434,0.011319518089294434,25
28,0.06423318386077881,-0.12637643346486524,0.4460398332561371,0.0,10,17,0.061974942684173584,1.0,0.8,0.4,5,15,0.2211962812575358,0.603520148216767,0.0,49,17,0.03291356563568115,1.0,0.8,0.8666666666666667,5,15,-0.32558441602572324,0.33719314497452524,0.0,13,17,0.02403336763381958,0.0,0.2,0.5333333333333333,5,15,-0.44104174553029274,0.2667901806391848,0.0,0,17,0.06423318386077881,0.0,0.0,0.4,5,15,-0.02906137704849243,0.031319618225097656,17,0.9357668161392212,18,0.9358437657356262,0,1.0,7.69495964050293e-05,0.06415623426437378,0.06423318386077881,15,17,0.9357668161392212,17,0.9357668161392212,46,0.9686803817749023,0.0,0.03291356563568115,0.03291356563568115,30
29,0.33649682998657227,0.4068493906333143,0.6633444075304541,1.0,37,42,0.011643290519714355,0.0,0.6,0.5945945945945946,5,37,0.3875546822364137,0.6533776301218162,1.0,43,42,0.001425623893737793,1.0,1.0,0.7567567567567568,5,37,-0.6425722584301168,0.2942045035068291,0.0,28,42,0.07743209600448608,0.0,0.2,0.5135135135135135,5,37,-0.41276643454169715,0.33370247323735697,0.0,34,42,0.04584074020385742,1.0,1.0,0.35135135135135137,5,37,-0.010217666625976562,0.04441511631011963,42,0.6368138790130615,40,0.6373904943466187,3,0.9733107089996338,0.0005766153335571289,0.33592021465301514,0.33649682998657227,25,42,0.6368138790130615,40,0.6373904943466187,20,0.7174584865570068,0.0005766153335571289,0.08006799221038818,0.08064460754394531,30
30,0.28860902786254883,0.30517809759344877,0.6611922141119222,1.0,15,12,0.010514020919799805,0.0,0.2,0.6428571428571429,5,14,0.3980352763533183,0.7250608272506083,1.0,11,12,0.004616081714630127,0.0,0.4,0.8571428571428571,5,14,0.116693971861228,0.5237226277372263,0.0,20,12,0.018534064292907715,0.0,0.0,0.6428571428571429,5,14,0.4630548857049112,0.7591240875912408,1.0,13,12,0.00253450870513916,0.0,0.2,0.6428571428571429,5,14,-0.005897939205169678,-0.002081573009490967,12,0.6972893476486206,24,0.7111354470252991,79,0.7111354470252991,0.013846099376678467,0.0,0.013846099376678467,19,12,0.6972893476486206,24,0.7111354470252991,46,0.7111354470252991,0.013846099376678467,0.0,0.013846099376678467,33
31,0.37297338247299194,0.7277597981730479,0.8083873167405387,1.0,47,46,0.00012725591659545898,1.0,0.6,0.6,5,40,0.3949296254426652,0.6416638254347085,0.0,22,46,0.03997904062271118,1.0,0.8,0.6,5,40,-0.26209975460887236,0.4081145584725537,0.0,25,46,0.0245702862739563,0.0,0.6,0.525,5,40,-0.6199299650763288,0.2563927719058984,0.0,16,46,0.16160660982131958,0.0,0.8,0.3,5,40,0.03985178470611572,0.1216275691986084,46,0.6270266175270081,50,0.6280944347381592,16,0.7886332273483276,0.001067817211151123,0.16053879261016846,0.16160660982131958,21,46,0.6270266175270081,47,0.6271538734436035,80,0.6359806656837463,0.00012725591659545898,0.008826792240142822,0.008954048156738281,31
32,0.3331065773963928,0.9355169316416406,0.9382986491420227,1.0,68,69,0.010294795036315918,0.0,0.6,0.5,5,30,0.7275791321003855,0.8605330412559328,1.0,77,69,0.0,1.0,1.0,0.7,5,30,0.782782316557907,0.8064987221613727,0.0,60,69,0.16735047101974487,0.0,0.0,0.5666666666666667,5,30,0.7337902159457638,0.7798466593647316,0.0,61,69,0.14662212133407593,0.0,0.0,0.5333333333333333,5,30,-0.010294795036315918,0.14662212133407593,69,0.6668934226036072,78,0.6668934226036072,62,0.7914984822273254,0.0,0.12460505962371826,0.12460505962371826,21,69,0.6668934226036072,69,0.6668934226036072,77,0.6668934226036072,0.0,0.0,0.0,43
33,0.5955618023872375,0.8572325403549141,0.9385313531353136,1.0,30,31,0.02719956636428833,,0.25,0.7083333333333334,4,24,0.7691378757787077,0.8807755775577558,1.0,33,31,0.035649895668029785,,0.5,0.9166666666666666,4,24,0.7071790806603306,0.823019801980198,1.0,33,31,0.035649895668029785,,0.5,0.5833333333333334,4,24,0.6511188395663811,0.8011551155115512,0.0,61,31,0.18712610006332397,,0.0,0.875,4,24,0.008450329303741455,0.1514762043952942,31,0.40443819761276245,30,0.4316377639770508,73,0.5915642976760864,0.02719956636428833,0.15992653369903564,0.18712610006332397,34,31,0.40443819761276245,30,0.4316377639770508,80,0.5915642976760864,0.02719956636428833,0.15992653369903564,0.18712610006332397,31
34,0.16634035110473633,-0.3083021899575652,0.2663891779396462,0.0,58,7,0.048627257347106934,0.0,0.2,0.3333333333333333,5,3,0.31162410718085853,0.7388137356919875,1.0,2,7,0.07826149463653564,1.0,1.0,0.6666666666666666,5,3,0.15310857840338735,0.6045785639958376,1.0,8,7,9.512901306152344e-05,0.0,0.6,0.6666666666666666,5,3,0.3678846627072734,0.7752341311134235,1.0,7,7,0.0,1.0,0.8,0.3333333333333333,5,3,0.02963423728942871,-0.07826149463653564,7,0.5710481405258179,7,0.5710481405258179,7,0.5710481405258179,0.0,0.0,0.0,35,7,0.5710481405258179,7,0.5710481405258179,2,0.6493096351623535,0.0,0.07826149463653564,0.07826149463653564,23
35,0.3312647342681885,0.8525830805835218,0.9114132674083231,1.0,43,45,0.06564211845397949,1.0,0.4,0.7857142857142857,5,14,0.8053526545070455,0.8623815409971157,0.0,39,45,0.07669585943222046,0.0,0.0,0.8571428571428571,5,14,0.5536422661230008,0.7362999587968686,0.0,44,45,0.04967188835144043,1.0,0.4,0.5714285714285714,5,14,0.7727110509032529,0.838483724763082,1.0,42,45,0.07257246971130371,1.0,1.0,0.6428571428571429,5,14,0.011053740978240967,-0.004123389720916748,45,0.6687352657318115,45,0.6687352657318115,42,0.7413077354431152,0.0,0.07257246971130371,0.07257246971130371,28,45,0.6687352657318115,48,0.7009690403938293,80,0.725285530090332,0.03223377466201782,0.024316489696502686,0.05655026435852051,22
36,0.13436317443847656,0.7399617355606745,0.7934908950019373,0.0,48,58,0.011095643043518066,0.0,0.2,0.75,5,20,0.9329789523508214,0.9538938395970554,0.0,79,58,0.0,0.0,0.4,0.65,5,20,0.5448617675224284,0.7032158078264239,0.0,37,58,0.06829923391342163,0.0,0.4,0.5,5,20,0.3706595170634258,0.5846571096474235,0.0,38,58,0.06134122610092163,1.0,0.4,0.5,5,20,-0.011095643043518066,0.06134122610092163,58,0.8656368255615234,65,0.8656368255615234,38,0.9269780516624451,0.0,0.06134122610092163,0.06134122610092163,28,58,0.8656368255615234,68,0.8656368255615234,80,0.8656368255615234,0.0,0.0,0.0,20
37,0.19678980112075806,0.5507768579073002,0.81282722513089,1.0,9,8,0.00021636486053466797,0.0,0.6,0.5,5,12,0.48740753558316674,0.7846858638743456,0.0,49,8,0.006514012813568115,1.0,0.8,0.8333333333333334,5,12,-0.27876159124296934,0.35274869109947643,0.0,17,8,0.012792110443115234,1.0,0.6,0.5,5,12,-0.3494538470840864,0.30170157068062825,0.0,13,8,0.012569189071655273,1.0,0.8,0.25,5,12,0.006297647953033447,0.006055176258087158,8,0.6241054534912109,10,0.6268193125724792,0,0.820895254611969,0.0027138590812683105,0.19407594203948975,0.19678980112075806,18,8,0.6241054534912109,11,0.6303628087043762,49,0.630619466304779,0.006257355213165283,0.00025665760040283203,0.006514012813568115,22
38,0.36060380935668945,0.8741863205118171,0.931695127030404,1.0,39,38,0.006206870079040527,1.0,0.6,0.5882352941176471,5,17,0.8191608958649335,0.899625156184923,0.0,66,38,0.02940976619720459,1.0,0.4,0.8823529411764706,5,17,0.27500726824716726,0.6064139941690962,0.0,32,38,0.11486196517944336,1.0,0.6,0.4117647058823529,5,17,0.6555228817712931,0.7763431903373594,0.0,80,38,0.02940976619720459,1.0,0.4,0.7058823529411765,5,17,0.023202896118164062,0.0,38,0.6393961906433105,40,0.6561745405197144,80,0.6688059568405151,0.01677834987640381,0.012631416320800781,0.02940976619720459,25,38,0.6393961906433105,40,0.6561745405197144,66,0.6688059568405151,0.01677834987640381,0.012631416320800781,0.02940976619720459,29
39,0.39737677574157715,0.7969011986658544,0.8991246352646937,0.0,5,52,0.39737677574157715,0.0,0.6,0.6923076923076923,5,13,0.8963725348288927,0.940808670279283,0.0,50,52,0.015175282955169678,0.0,0.6,1.0,5,13,0.602660533951127,0.77157148812005,0.0,6,52,0.39737677574157715,0.0,0.6,0.7692307692307693,5,13,0.9095949064698603,0.9545644018340975,1.0,57,52,0.0,1.0,0.4,0.9230769230769231,5,13,-0.38220149278640747,-0.015175282955169678,52,0.6026232242584229,53,0.6026232242584229,60,0.6026232242584229,0.0,0.0,0.0,28,52,0.6026232242584229,55,0.6026232242584229,68,0.6026232242584229,0.0,0.0,0.0,29
40,0.07068777084350586,0.8158085916727955,0.9841176470588235,0.0,43,25,0.0,1.0,0.8,0.6666666666666666,5,15,0.8153118205411952,0.981764705882353,1.0,32,25,0.0,1.0,1.0,0.5333333333333333,5,15,-0.7991667587641794,0.06,0.0,12,25,0.03138643503189087,0.0,0.2,0.6666666666666666,5,15,-0.7233677636008056,0.10647058823529412,0.0,11,25,0.034887492656707764,0.0,0.0,0.6,5,15,0.0,0.034887492656707764,25,0.7995226383209229,26,0.7995226383209229,11,0.8344101309776306,0.0,0.034887492656707764,0.034887492656707764,24,25,0.7995226383209229,26,0.7995226383209229,80,0.7995226383209229,0.0,0.0,0.0,35
41,0.054158687591552734,0.8864747635907196,0.9031224979983987,0.0,69,43,0.0,1.0,0.6,0.48,5,25,0.864064990864968,0.8855084067253803,0.0,79,43,0.0,1.0,0.4,0.44,5,25,-0.7605719350340601,0.1745396317053643,0.0,25,43,0.050778746604919434,1.0,0.4,0.36,5,25,-0.9045290693064079,0.07085668534827862,0.0,3,43,0.054158687591552734,1.0,0.2,0.44,5,25,0.0,0.054158687591552734,43,0.9458413124084473,50,0.9458413124084473,3,1.0,0.0,0.054158687591552734,0.054158687591552734,19,43,0.9458413124084473,50,0.9458413124084473,79,0.9458413124084473,0.0,0.0,0.0,22
42,0.517917811870575,0.9187600438967264,0.9022236756049705,1.0,0,0,0.0,0.0,0.4,0.6666666666666666,5,51,0.8716627947390317,0.8894702419882276,1.0,0,0,0.0,0.0,0.2,0.9803921568627451,5,51,0.3860974296296337,0.6500981033355134,0.0,7,0,0.1650599241256714,1.0,0.4,0.5294117647058824,5,51,0.5598253617301453,0.6873773708306082,0.0,39,0,0.496559202671051,1.0,0.6,0.45098039215686275,5,51,0.0,0.496559202671051,0,0.4794551134109497,0,0.4794551134109497,40,0.9791656136512756,0.0,0.4997105002403259,0.4997105002403259,21,0,0.4794551134109497,0,0.4794551134109497,0,0.4794551134109497,0.0,0.0,0.0,20
43,0.4557369351387024,0.9408344644399099,0.9396612561750176,1.0,12,12,0.0,1.0,0.8,0.7142857142857143,5,42,0.9231247480256727,0.9195483415666902,1.0,9,12,0.08545929193496704,1.0,0.8,0.7142857142857143,5,42,0.8806306765251921,0.8676781933662667,0.0,1,12,0.21826964616775513,1.0,0.6,0.4523809523809524,5,42,0.9480247017830271,0.9244883556810163,0.0,1,12,0.21826964616775513,1.0,0.6,0.5952380952380952,5,42,0.08545929193496704,0.13281035423278809,12,0.47111809253692627,12,0.47111809253692627,1,0.6893877387046814,0.0,0.21826964616775513,0.21826964616775513,30,12,0.47111809253692627,12,0.47111809253692627,8,0.5834317803382874,0.0,0.11231368780136108,0.11231368780136108,32
44,0.3184981942176819,0.7614156559236728,0.7893071812717495,1.0,26,26,0.0,1.0,0.8,0.7115384615384616,5,52,0.7157795760144008,0.7614678899082569,0.0,14,26,0.062235474586486816,1.0,1.0,0.6538461538461539,5,52,0.6708786498087476,0.7105346409364125,0.0,19,26,0.10354113578796387,0.0,0.4,0.36538461538461536,5,52,0.6477269631732382,0.7197089528630181,0.0,24,26,0.03067457675933838,1.0,0.8,0.5769230769230769,5,52,0.062235474586486816,-0.03156089782714844,26,0.6097778081893921,26,0.6097778081893921,23,0.6578586101531982,0.0,0.04808080196380615,0.04808080196380615,31,26,0.6097778081893921,8,0.6138855814933777,14,0.6720132827758789,0.004107773303985596,0.05812770128250122,0.062235474586486816,26
45,0.08467721939086914,0.6797244112671124,0.9774696707105719,0.0,51,16,0.0,1.0,0.6,0.3333333333333333,5,3,0.6951080839834556,1.0,0.0,66,16,0.0,1.0,1.0,1.0,5,3,-0.6170850849796572,0.09792027729636049,0.0,8,16,0.06632983684539795,1.0,0.6,0.6666666666666666,5,3,-0.30273508420461975,0.2902946273830156,0.0,0,16,0.08467721939086914,0.0,0.0,0.0,5,3,0.0,0.08467721939086914,16,0.9153227806091309,17,0.9153227806091309,0,1.0,0.0,0.08467721939086914,0.08467721939086914,32,16,0.9153227806091309,17,0.9153227806091309,62,0.9153227806091309,0.0,0.0,0.0,37
46,0.31341034173965454,0.06347477931035807,0.5236122618061309,0.0,32,12,0.1251915693283081,0.0,0.4,0.48148148148148145,5,27,-0.3553812968253458,0.2862468931234466,0.0,75,12,0.16926109790802002,0.0,0.0,0.48148148148148145,5,27,-0.0816432849825258,0.451946975973488,0.0,2,12,0.31341034173965454,0.0,0.2,0.4074074074074074,5,27,0.25605367687477404,0.6101905550952775,0.0,2,12,0.31341034173965454,0.0,0.4,0.2962962962962963,5,27,0.044069528579711914,0.14414924383163452,12,0.6865896582603455,12,0.6865896582603455,2,1.0,0.0,0.31341034173965454,0.31341034173965454,31,12,0.6865896582603455,15,0.7102538347244263,76,0.8558507561683655,0.02366417646408081,0.1455969214439392,0.16926109790802002,22
47,0.19811654090881348,0.8051117724278952,0.8376733175515726,1.0,31,31,0.0,1.0,0.8,0.7317073170731707,5,41,0.7646130711846505,0.8119715928305715,0.0,18,31,0.058368563652038574,1.0,0.8,0.8292682926829268,5,41,0.09955468152823249,0.5221508285424417,0.0,25,31,0.13700968027114868,0.0,0.8,0.4146341463414634,5,41,0.24988670779644168,0.5995941832938789,0.0,26,31,0.14779579639434814,0.0,0.6,0.4878048780487805,5,41,0.058368563652038574,0.08942723274230957,31,0.8018834590911865,30,0.8282743096351624,27,0.9614270925521851,0.02639085054397583,0.1331527829170227,0.15954363346099854,36,31,0.8018834590911865,31,0.8018834590911865,36,0.8659959435462952,0.0,0.06411248445510864,0.06411248445510864,22
48,0.14314019680023193,0.8243550726123328,0.9499731038192577,0.0,37,36,0.0002738833427429199,,0.6666666666666666,,3,0,0.5488046654640917,0.7918235610543303,0.0,32,36,0.11853224039077759,,0.6666666666666666,,3,0,0.880202933011077,0.9790209790209791,0.0,66,36,0.00026619434356689453,,1.0,,3,0,0.8728878796270132,0.9757934373318988,0.0,60,36,0.00026619434356689453,,0.3333333333333333,,3,0,0.11825835704803467,-0.1182660460472107,36,0.8568598031997681,40,0.857125997543335,60,0.857125997543335,0.00026619434356689453,0.0,0.00026619434356689453,28,36,0.8568598031997681,36,0.8568598031997681,32,0.9753920435905457,0.0,0.11853224039077759,0.11853224039077759,24
49,0.18183857202529907,0.9272304647535559,0.9562475364603863,0.0,74,56,0.0,,1.0,0.6842105263157895,4,19,0.9370576107678333,0.9657075285770595,1.0,67,56,0.0,,1.0,0.6842105263157895,4,19,0.7308046737411241,0.7812376823019315,0.0,46,56,0.037280499935150146,,0.5,0.7368421052631579,4,19,0.5798836053335403,0.7094994087504927,0.0,40,56,0.061306536197662354,,0.0,0.631578947368421,4,19,0.0,0.061306536197662354,56,0.8181614279747009,57,0.8181614279747009,41,0.8724045753479004,0.0,0.05424314737319946,0.05424314737319946,33,56,0.8181614279747009,57,0.8181614279747009,67,0.8181614279747009,0.0,0.0,0.0,28
50,0.24977707862854004,0.7985319956515788,0.9540636042402827,1.0,18,18,0.0,,,0.5833333333333334,0,24,0.475672157705564,0.7661955241460542,1.0,17,18,0.02112746238708496,,,0.6666666666666666,0,24,0.788444781840469,0.9228504122497055,1.0,18,18,0.0,,,0.5416666666666666,0,24,0.7398716045284217,0.8786808009422851,0.0,1,18,0.11342030763626099,,,0.4166666666666667,0,24,0.02112746238708496,0.09229284524917603,18,0.75022292137146,18,0.75022292137146,0,0.8669633269309998,0.0,0.1167404055595398,0.1167404055595398,28,18,0.75022292137146,18,0.75022292137146,17,0.7713503837585449,0.0,0.02112746238708496,0.02112746238708496,19
51,0.4148939251899719,0.3499362712558497,0.6680497925311203,1.0,19,19,0.0,,0.25,0.9230769230769231,4,13,0.6361279673667403,0.8506224066390041,1.0,20,19,0.0033655166625976562,,0.75,0.9230769230769231,4,13,-0.14719131427371687,0.4470954356846473,0.0,7,19,0.4148939251899719,,0.5,0.3076923076923077,4,13,-0.5603683020546122,0.2012448132780083,0.0,6,19,0.4148939251899719,,0.25,0.23076923076923078,4,13,0.0033655166625976562,0.41152840852737427,19,0.5851060748100281,17,0.5915218591690063,6,1.0,0.0064157843589782715,0.40847814083099365,0.4148939251899719,21,19,0.5851060748100281,17,0.5915218591690063,79,0.6510103344917297,0.0064157843589782715,0.05948847532272339,0.06590425968170166,24
52,0.09391212463378906,0.25533492194324614,0.6466984343090538,1.0,10,10,0.0,0.0,0.6,0.8181818181818182,5,11,0.3006802467333049,0.6773315180394827,1.0,80,10,0.02487480640411377,1.0,1.0,0.7272727272727273,5,11,-0.12183441660625677,0.4247787610619469,1.0,17,10,0.027149081230163574,1.0,0.6,0.45454545454545453,5,11,0.1504280587088439,0.5963240299523486,1.0,11,10,0.0012440681457519531,1.0,1.0,0.45454545454545453,5,11,0.02487480640411377,-0.023630738258361816,10,0.6500345468521118,10,0.6500345468521118,10,0.6500345468521118,0.0,0.0,0.0,24,10,0.6500345468521118,15,0.6687653064727783,80,0.6749093532562256,0.018730759620666504,0.006144046783447266,0.02487480640411377,22
53,0.17112571001052856,0.8951751961024775,0.9265842349304482,0.0,36,49,0.02656346559524536,,0.5,0.6521739130434783,4,23,0.8792535927869706,0.9265842349304482,0.0,35,49,0.025789201259613037,,0.75,0.9565217391304348,4,23,0.32321322325290097,0.616692426584235,0.0,40,49,0.02822023630142212,,0.25,0.5217391304347826,4,23,0.6153664611832602,0.7442040185471407,0.0,39,49,0.02801412343978882,,0.0,0.782608695652174,4,23,-0.0007742643356323242,0.0022249221801757812,49,0.8288742899894714,49,0.8288742899894714,42,0.8539008498191833,0.0,0.025026559829711914,0.025026559829711914,19,49,0.8288742899894714,50,0.8288849592208862,78,0.8288849592208862,1.0669231414794922e-05,0.0,1.0669231414794922e-05,14
54,0.08333402872085571,0.7166068395426621,0.8024068322981367,1.0,36,33,0.021686792373657227,0.0,0.3333333333333333,0.4,3,20,0.40059029061757206,0.6257763975155279,0.0,76,33,0.07345384359359741,0.0,0.0,0.6,3,20,-0.04238047764390834,0.47476708074534163,0.0,46,33,0.0753210186958313,1.0,0.3333333333333333,0.55,3,20,0.3481704839238367,0.65527950310559,0.0,27,33,0.03945267200469971,1.0,1.0,0.55,3,20,0.051767051219940186,-0.034001171588897705,33,0.9166659712791443,33,0.9166659712791443,28,0.9473648071289062,0.0,0.030698835849761963,0.030698835849761963,28,33,0.9166659712791443,31,0.9251680374145508,77,0.9901198148727417,0.008502066135406494,0.06495177745819092,0.07345384359359741,19
55,0.4147998094558716,0.8575999839139589,0.9312169312169312,0.0,39,42,0.0266532301902771,0.0,0.4,0.5454545454545454,5,11,0.7797608229342157,0.8827160493827161,1.0,48,42,0.0,1.0,0.8,1.0,5,11,0.777991751093767,0.8346560846560847,0.0,41,42,0.002476334571838379,0.0,0.8,0.36363636363636365,5,11,0.8502813579438832,0.9052028218694885,0.0,79,42,0.0,1.0,1.0,0.5454545454545454,5,11,-0.0266532301902771,0.0,42,0.5852001905441284,43,0.5852001905441284,78,0.5852001905441284,0.0,0.0,0.0,19,42,0.5852001905441284,42,0.5852001905441284,47,0.5852001905441284,0.0,0.0,0.0,21
56,0.19247007369995117,0.34699319496237196,0.623311341501728,1.0,23,22,0.009622037410736084,,0.0,0.5901639344262295,3,61,0.11250169992920653,0.5601633678919259,0.0,57,22,0.1278461217880249,,0.3333333333333333,0.5737704918032787,3,61,0.43927621588823706,0.6305372290292177,1.0,21,22,0.002664327621459961,,0.0,0.5081967213114754,3,61,0.11387973279982533,0.5271756204838203,0.0,2,22,0.1586078405380249,,0.3333333333333333,0.5901639344262295,3,61,0.11822408437728882,0.03076171875,22,0.6898733377456665,12,0.708511233329773,2,0.8484811782836914,0.018637895584106445,0.13996994495391846,0.1586078405380249,16,22,0.6898733377456665,12,0.708511233329773,57,0.8177194595336914,0.018637895584106445,0.10920822620391846,0.1278461217880249,26
57,0.11790776252746582,-0.04486798375806326,0.467444120505345,1.0,11,13,0.00011157989501953125,1.0,0.8,0.75,5,4,0.41755674418695693,0.8007774538386784,0.0,29,13,0.0004936456680297852,0.0,0.6,1.0,5,4,-0.3443763428703297,0.2575315840621963,0.0,4,13,0.010544061660766602,1.0,0.4,0.5,5,4,0.08548567722888448,0.5578231292517006,0.0,0,13,0.11790776252746582,0.0,0.6,0.0,5,4,0.0003820657730102539,0.11741411685943604,13,0.6182584762573242,16,0.618752121925354,0,0.73616623878479,0.0004936456680297852,0.11741411685943604,0.11790776252746582,24,13,0.6182584762573242,16,0.618752121925354,29,0.618752121925354,0.0004936456680297852,0.0,0.0004936456680297852,42
58,0.17463648319244385,0.8997852873619836,0.8814432989690721,0.0,17,28,0.0829806923866272,0.0,0.6,0.5333333333333333,5,45,0.8015711476084544,0.8374570446735395,1.0,26,28,0.005585074424743652,0.0,0.8,0.6222222222222222,5,45,0.8259380837194085,0.840893470790378,1.0,24,28,0.01575368642807007,1.0,0.6,0.6222222222222222,5,45,0.7418135908123166,0.7920962199312714,0.0,4,28,0.08466583490371704,1.0,1.0,0.5111111111111111,5,45,-0.07739561796188354,0.07908076047897339,28,0.7191249132156372,0,0.7985289096832275,4,0.8037907481193542,0.07940399646759033,0.005261838436126709,0.08466583490371704,23,28,0.7191249132156372,22,0.7480653524398804,15,0.8416363000869751,0.028940439224243164,0.09357094764709473,0.12251138687133789,25
59,0.24801105260849,0.9015921463197468,0.9494163424124513,0.0,66,69,0.008600950241088867,,0.25,0.631578947368421,4,19,0.8508384130849322,0.9390402075226978,1.0,72,69,0.0,,1.0,0.7368421052631579,4,19,0.8513018061322466,0.898400345871163,0.0,63,69,0.026491224765777588,,0.0,0.5789473684210527,4,19,0.7684276179862111,0.8287937743190662,0.0,54,69,0.12573277950286865,,1.0,0.6842105263157895,4,19,-0.008600950241088867,0.12573277950286865,69,0.75198894739151,69,0.75198894739151,53,0.8909378051757812,0.0,0.13894885778427124,0.13894885778427124,32,69,0.75198894739151,69,0.75198894739151,78,0.75198894739151,0.0,0.0,0.0,18
60,0.30913323163986206,0.8923466482389611,0.8623939679547596,1.0,41,38,0.014931440353393555,1.0,0.6,0.6333333333333333,5,60,0.924590878940075,0.8894125039271128,1.0,25,38,0.04901862144470215,1.0,1.0,0.6666666666666666,5,60,-0.6709784725279478,0.2340559220860823,0.0,78,38,0.2539316415786743,0.0,0.2,0.5166666666666667,5,60,-0.7090112888247737,0.2453660069117185,0.0,80,38,0.2539316415786743,0.0,0.0,0.5833333333333334,5,60,0.034087181091308594,0.20491302013397217,38,0.5989447832107544,40,0.6059485673904419,80,0.8528764247894287,0.0070037841796875,0.24692785739898682,0.2539316415786743,19,38,0.5989447832107544,38,0.5989447832107544,41,0.613876223564148,0.0,0.014931440353393555,0.014931440353393555,26
61,0.4214933514595032,0.5385042128322916,0.8340425531914893,1.0,11,16,0.07874107360839844,1.0,0.6,0.8,5,10,0.25061972340801425,0.648936170212766,1.0,12,16,0.05045813322067261,0.0,0.4,1.0,5,10,0.31780967782644853,0.6645390070921986,0.0,48,16,0.031035125255584717,0.0,0.4,0.5,5,10,0.3216883164030011,0.6794326241134752,0.0,73,16,0.031035125255584717,0.0,0.2,0.7,5,10,-0.02828294038772583,-0.01942300796508789,16,0.5655822157859802,25,0.5966173410415649,74,0.5966173410415649,0.031035125255584717,0.0,0.031035125255584717,19,16,0.5655822157859802,25,0.5966173410415649,38,0.5966173410415649,0.031035125255584717,0.0,0.031035125255584717,21
62,0.662766695022583,0.7506468701799521,0.8573804573804574,1.0,27,27,0.0,0.0,0.6,0.76,5,25,0.8896506176746092,0.9638253638253639,1.0,28,27,0.013706982135772705,1.0,1.0,0.96,5,25,0.25973919199598217,0.5837837837837838,0.0,38,27,0.23315709829330444,1.0,0.4,0.6,5,25,0.4571555053904581,0.6844074844074844,0.0,35,27,0.178131103515625,1.0,1.0,0.64,5,25,0.013706982135772705,0.1644241213798523,27,0.337233304977417,27,0.337233304977417,61,0.6077086925506592,0.0,0.2704753875732422,0.2704753875732422,29,27,0.337233304977417,27,0.337233304977417,28,0.3509402871131897,0.0,0.013706982135772705,0.013706982135772705,31
63,0.14892542362213135,0.6665233599534914,0.7774513404333456,1.0,34,33,0.0002726316452026367,1.0,0.3333333333333333,0.7307692307692307,3,26,0.7377662362863875,0.8292324641939037,1.0,28,33,0.0239260196685791,1.0,0.6666666666666666,0.8076923076923077,3,26,0.5141982604509955,0.654425266250459,0.0,50,33,0.003933072090148926,0.0,0.6666666666666666,0.46153846153846156,3,26,0.5724374929597966,0.6801322071244951,0.0,37,33,0.006013691425323486,1.0,0.6666666666666666,0.46153846153846156,3,26,0.023653388023376465,-0.017912328243255615,33,0.8510745763778687,33,0.8510745763778687,39,0.8571069240570068,0.0,0.006032347679138184,0.006032347679138184,25,33,0.8510745763778687,56,0.8546444177627563,80,0.8546444177627563,0.0035698413848876953,0.0,0.0035698413848876953,24
64,0.3061356544494629,0.6487752979989978,0.7688555347091932,1.0,20,24,0.12851279973983765,0.0,0.6,0.6551724137931034,5,29,0.7348923907798482,0.8187617260787993,1.0,27,24,0.05418217182159424,1.0,0.8,0.6206896551724138,5,29,0.19817349201845796,0.6105065666041276,0.0,40,24,0.16325944662094116,0.0,0.8,0.5517241379310345,5,29,0.01948959623217558,0.5666041275797373,0.0,39,24,0.1632401943206787,1.0,1.0,0.41379310344827586,5,29,-0.07433062791824341,0.10905802249908447,24,0.6938643455505371,25,0.7050981521606445,39,0.8571045398712158,0.011233806610107422,0.1520063877105713,0.1632401943206787,32,24,0.6938643455505371,24,0.6938643455505371,27,0.7480465173721313,0.0,0.05418217182159424,0.05418217182159424,30
65,0.48213255405426025,0.8672280182608698,0.9696828358208955,1.0,33,34,0.0066571831703186035,0.0,0.8,0.6842105263157895,5,19,0.8948521982902602,0.9972014925373134,1.0,58,34,0.0,1.0,1.0,0.8947368421052632,5,19,0.5996864496899877,0.7467350746268657,0.0,30,34,0.056212782859802246,0.0,0.2,0.42105263157894735,5,19,0.4671306760576168,0.7014925373134329,0.0,28,34,0.0894695520401001,0.0,0.0,0.7894736842105263,5,19,-0.0066571831703186035,0.0894695520401001,34,0.5178674459457397,34,0.5178674459457397,80,0.5178674459457397,0.0,0.0,0.0,27,34,0.5178674459457397,34,0.5178674459457397,56,0.5178674459457397,0.0,0.0,0.0,19
66,0.15941786766052246,0.8241510429750418,0.9436457734330075,1.0,54,57,0.013882577419281006,0.0,0.6,,5,0,0.8541282924899936,0.9902242668200115,0.0,78,57,0.0,1.0,0.8,,5,0,-0.8276190508067452,0.035077630822311676,0.0,45,57,0.15941786766052246,0.0,0.4,,5,0,-0.8435666322752603,0.013225991949396205,0.0,27,57,0.15941786766052246,0.0,0.0,,5,0,-0.013882577419281006,0.15941786766052246,57,0.8405821323394775,57,0.8405821323394775,0,1.0,0.0,0.15941786766052246,0.15941786766052246,26,57,0.8405821323394775,57,0.8405821323394775,79,0.8405821323394775,0.0,0.0,0.0,31
67,0.34721672534942627,0.8155919059299342,0.8754745634016705,1.0,29,31,0.023466944694519043,1.0,0.4,0.6538461538461539,5,26,0.6114595370155821,0.7577828397873956,0.0,38,31,0.08193910121917725,1.0,0.6,0.6153846153846154,5,26,0.03105699722258773,0.507213363705391,1.0,33,31,0.02318596839904785,0.0,0.4,0.5,5,26,0.3681367534928022,0.6412300683371298,1.0,33,31,0.02318596839904785,1.0,0.6,0.6538461538461539,5,26,0.0584721565246582,-0.058753132820129395,31,0.6527832746505737,30,0.6554090976715088,32,0.6637839078903198,0.0026258230209350586,0.008374810218811035,0.011000633239746094,39,31,0.6527832746505737,30,0.6554090976715088,47,0.7258983850479126,0.0026258230209350586,0.07048928737640381,0.07311511039733887,36
68,0.38086485862731934,0.9470545639725809,0.9235214140040788,1.0,68,66,0.004858672618865967,1.0,0.4,0.631578947368421,5,38,0.9434227205594955,0.9248810333106731,1.0,64,66,0.004750192165374756,0.0,0.6,0.6052631578947368,5,38,-0.01611487753416195,0.49320190346702925,0.0,0,66,0.23768329620361328,1.0,0.6,0.4473684210526316,5,38,0.20551893779393646,0.5438477226376615,0.0,34,66,0.33102673292160034,0.0,0.2,0.42105263157894735,5,38,-0.00010848045349121094,0.3262765407562256,66,0.6191351413726807,80,0.6310542225837708,35,0.9248623847961426,0.011919081211090088,0.2938081622123718,0.3057272434234619,22,66,0.6191351413726807,74,0.6310542225837708,79,0.6310542225837708,0.011919081211090088,0.0,0.011919081211090088,14
69,0.1829671859741211,0.8659472461016919,0.8965656565656566,0.0,73,50,0.013882637023925781,,0.25,0.6470588235294118,4,17,0.9039657093621353,0.9426262626262626,1.0,48,50,0.01718580722808838,,0.5,0.8823529411764706,4,17,0.6072327843119905,0.7701010101010101,0.0,55,50,0.012207984924316406,,0.5,0.5294117647058824,4,17,0.637671168872681,0.7947474747474748,0.0,0,50,0.1829671859741211,,0.5,0.5294117647058824,4,17,0.0033031702041625977,0.16578137874603271,50,0.8170328140258789,53,0.825086236000061,0,1.0,0.008053421974182129,0.17491376399993896,0.1829671859741211,26,50,0.8170328140258789,50,0.8170328140258789,48,0.8342186212539673,0.0,0.01718580722808838,0.01718580722808838,30
70,0.3700701594352722,0.912746369522358,0.9470899470899471,1.0,64,78,0.05041307210922241,0.0,0.4,0.6206896551724138,5,29,0.9369706894732747,0.9943019943019943,1.0,78,78,0.0,1.0,0.6,0.9310344827586207,5,29,-0.40314469643960743,0.328042328042328,0.0,61,78,0.06391745805740356,0.0,0.4,0.4827586206896552,5,29,-0.09462173483809803,0.4843304843304843,0.0,5,78,0.3700701594352722,1.0,1.0,0.4482758620689655,5,29,-0.05041307210922241,0.3700701594352722,78,0.6299298405647278,78,0.6299298405647278,80,0.6299298405647278,0.0,0.0,0.0,33,78,0.6299298405647278,78,0.6299298405647278,79,0.6299298405647278,0.0,0.0,0.0,20
71,0.3743211030960083,0.6498161658253259,0.7606568832983928,1.0,20,32,0.10562008619308472,1.0,0.6,0.627906976744186,5,43,0.9415115249931011,0.9395527603074773,1.0,36,32,0.03307908773422241,1.0,1.0,0.813953488372093,5,43,0.33307287749994785,0.6051712089447938,1.0,30,32,0.010861814022064209,0.0,0.2,0.5581395348837209,5,43,0.2433293302142822,0.5950384346610762,0.0,24,32,0.06730633974075317,0.0,0.2,0.5813953488372093,5,43,-0.0725409984588623,0.03422725200653076,32,0.4908873438835144,40,0.5674846768379211,3,0.8323593735694885,0.07659733295440674,0.2648746967315674,0.3414720296859741,15,32,0.4908873438835144,33,0.4949222803115845,36,0.5239664316177368,0.004034936428070068,0.029044151306152344,0.03307908773422241,21
72,0.19837212562561035,0.47640593739581,0.6707536963577353,1.0,25,23,0.01925837993621826,0.0,0.2,0.6,5,40,0.06945262202081774,0.4734944103858637,0.0,38,23,0.1783456802368164,1.0,0.6,0.35,5,40,0.14787736991179468,0.5290299314821493,1.0,23,23,0.0,0.0,0.6,0.7,5,40,0.7587722199623743,0.7915614857554994,0.0,20,23,0.07181328535079956,0.0,0.6,0.6,5,40,0.15908730030059814,-0.10653239488601685,23,0.6848599314689636,23,0.6848599314689636,20,0.7566732168197632,0.0,0.07181328535079956,0.07181328535079956,26,23,0.6848599314689636,23,0.6848599314689636,37,0.8562023043632507,0.0,0.1713423728942871,0.1713423728942871,23
73,0.1460118293762207,0.8728124614296572,0.9774072081764389,0.0,74,47,0.0,1.0,0.8,,5,0,0.8533781088970629,0.9532006455083378,1.0,52,47,0.0,1.0,0.4,,5,0,0.5441998286324309,0.7880580957504034,0.0,15,47,0.1460118293762207,1.0,0.6,,5,0,0.6379807016608092,0.8617536309844002,0.0,17,47,0.1460118293762207,1.0,1.0,,5,0,0.0,0.1460118293762207,47,0.8539881706237793,53,0.8539881706237793,75,0.8539881706237793,0.0,0.0,0.0,25,47,0.8539881706237793,52,0.8539881706237793,55,0.8539881706237793,0.0,0.0,0.0,30
74,0.26589298248291016,0.7643330609707699,0.8902554399243141,0.0,31,36,0.06762039661407471,1.0,0.6,0.7,5,10,0.8999550259608831,0.9905392620624409,0.0,70,36,0.0,1.0,0.6,1.0,5,10,0.8884785535739345,0.967360454115421,1.0,67,36,0.0,1.0,1.0,0.5,5,10,0.8427722548502613,0.9479659413434248,0.0,44,36,0.0,1.0,1.0,0.9,5,10,-0.06762039661407471,0.0,36,0.7341070175170898,38,0.7341070175170898,70,0.7341070175170898,0.0,0.0,0.0,37,36,0.7341070175170898,40,0.7341070175170898,70,0.7341070175170898,0.0,0.0,0.0,27
75,0.1538342833518982,0.7888735405866335,0.8596418159100375,0.0,41,43,0.0018298029899597168,0.0,0.4,0.6470588235294118,5,17,0.6882313077920611,0.8109121199500208,0.0,30,43,0.04209834337234497,1.0,0.6,0.6470588235294118,5,17,0.19058141522764036,0.5885047896709704,0.0,38,43,0.007406055927276611,1.0,0.6,0.5294117647058824,5,17,0.4182699345081562,0.6747188671386922,0.0,35,43,0.0167120099067688,0.0,0.0,0.7647058823529411,5,17,0.040268540382385254,-0.025386333465576172,43,0.8461657166481018,44,0.8461657166481018,35,0.8628777265548706,0.0,0.0167120099067688,0.0167120099067688,19,43,0.8461657166481018,45,0.8461657166481018,48,0.8461657166481018,0.0,0.0,0.0,28
76,0.1531991958618164,0.4727232918884911,0.8406219630709426,0.0,11,15,0.0039702653884887695,,0.75,0.4,4,5,0.5854669220533295,0.9582118561710399,0.0,80,15,0.0,,1.0,1.0,4,5,0.4908222693251526,0.8328474246841594,0.0,6,15,0.06822234392166138,,0.75,0.8,4,5,0.3651293707733105,0.7142857142857143,0.0,0,15,0.1531991958618164,,0.25,0.0,4,5,-0.0039702653884887695,0.1531991958618164,15,0.8245963454246521,25,0.8245963454246521,0,0.9777955412864685,0.0,0.1531991958618164,0.1531991958618164,16,15,0.8245963454246521,25,0.8245963454246521,80,0.8245963454246521,0.0,0.0,0.0,13
77,0.3539316654205322,0.801659867580494,0.8482707326143548,0.0,43,49,0.01994532346725464,1.0,0.6,0.6551724137931034,5,29,0.9625519120323885,0.9895872071402008,0.0,67,49,0.0,0.0,0.6,1.0,5,29,0.6620388505443512,0.7973224246931945,1.0,9,49,0.3539316654205322,0.0,0.6,0.4827586206896552,5,29,0.9155292897145167,0.9278542208999628,1.0,60,49,0.0,1.0,1.0,0.7931034482758621,5,29,-0.01994532346725464,0.0,49,0.6460683345794678,52,0.6460683345794678,58,0.6460683345794678,0.0,0.0,0.0,27,49,0.6460683345794678,55,0.6460683345794678,67,0.6460683345794678,0.0,0.0,0.0,25
78,0.6111021637916565,0.8384556942801794,0.9287011807447775,0.0,33,23,0.20495665073394775,1.0,0.8,0.8636363636363636,5,22,0.8386805751136673,0.9391462306993642,1.0,24,23,0.01105433702468872,1.0,1.0,0.8636363636363636,5,22,-0.24939284433813536,0.43142597638510444,0.0,8,23,0.4680616855621338,1.0,0.8,0.4090909090909091,5,22,-0.29720500821360096,0.407811080835604,0.0,10,23,0.4605465531349182,0.0,0.8,0.45454545454545453,5,22,-0.19390231370925903,0.4494922161102295,23,0.3888978362083435,38,0.6026618480682373,10,0.8494443893432617,0.2137640118598938,0.24678254127502441,0.4605465531349182,17,23,0.3888978362083435,38,0.6026618480682373,68,0.6026618480682373,0.2137640118598938,0.0,0.2137640118598938,21
79,0.25684094429016113,0.9075802264475912,0.9489966555183946,1.0,30,31,1.609325408935547e-05,0.0,0.8,0.5833333333333334,5,12,0.688897516138433,0.8578595317725752,0.0,38,31,0.05761384963989258,1.0,1.0,0.5,5,12,-0.2725476145888219,0.41764214046822745,0.0,36,31,0.036522507667541504,1.0,0.6,0.4166666666666667,5,12,0.010918079516169426,0.5058528428093646,1.0,38,31,0.05761384963989258,1.0,1.0,0.5833333333333334,5,12,0.05759775638580322,0.0,31,0.7431590557098389,30,0.7431751489639282,7,1.0,1.609325408935547e-05,0.2568248510360718,0.25684094429016113,33,31,0.7431590557098389,33,0.7505147457122803,38,0.8007729053497314,0.007355690002441406,0.05025815963745117,0.05761384963989258,24
