anchor_state,latent_error,latent_error_final,boundary_error,probe_floor_boundary_error,wm_boundary_error_vs_probe_gt,mode_agreement_pred,mode_agreement_gt_probe,planning_regret,model_selected_index,oracle_index,true_latent_selected_index,model_selected_cost,oracle_cost,model_selected_coverage,oracle_coverage,true_boundary,gt_probe_boundary,pred_probe_boundary,true_crossing_count,gt_probe_crossing_count,pred_probe_crossing_count,action_set_sha256
0,0.15225329995155334,0.1789892166852951,0.04519295858752206,0.03701612005940232,0.08220907864692438,0.9512195121951219,0.8780487804878049,0.23703014850616455,15,21,17,0.5477018356323242,0.31067168712615967,0.4522981345653534,0.6893283128738403,0.615,0.5705806559287172,0.6692315503050265,1,3,1,47c29757f6ce6e8be0f20eee4d52f8c6e93480a2d71548ee4bc3d83be2080763
1,0.13921970129013062,0.15185576677322388,0.17559662520724217,0.21529354648263693,0.03969692127539476,0.8292682926829268,0.7804878048780488,0.22640103101730347,3,1,13,0.9909615516662598,0.7645605206489563,0.009038439020514488,0.2354394644498825,0.765,0.5066477442208357,0.5542840497513094,1,1,1,9c9fc0fdd210ed3dd266729a3b3b8e78397913a83083ff24a3ddf94f6562f77e
2,0.15540491044521332,0.18490606546401978,0.12163702044030889,0.08806052478344928,0.033576495656859606,0.8780487804878049,0.9024390243902439,0.0636833906173706,17,19,3,0.5718364715576172,0.5081530809402466,0.4281634986400604,0.49184688925743103,-0.7949999999999999,-0.9006726297401391,-0.9409644245283706,1,1,1,c6afecec71d2c98e1c41aa6b9e5fbd7a7db67f2266f8ccc4def8b94a780a44bc
3,0.18249334394931793,0.16644543409347534,0.15798885173787303,0.10221368052823736,0.055775171209635675,0.8536585365853658,0.8292682926829268,0.3775736093521118,19,30,29,1.0,0.6224263906478882,0.0,0.3775736093521118,-1.0350000000000001,-0.9123435833661153,-0.8454133779145525,1,7,1,7f227a7a7254f7d9925a60727f4747defc9fb8dbc46c485364e0add19c3e6f04
4,0.15957103669643402,0.21567800641059875,0.20096380041518194,0.36894089647445527,0.1679770960592733,0.8048780487804879,0.5853658536585366,0.0,35,0,37,1.0,1.0,0.0,0.0,1.125,0.6822709242306537,0.8838434395017817,1,5,1,22dd25ecde6edf9d44b01af0c75ad3157ef33698a301e83d00ce646f44e92c7c
5,0.23781022429466248,0.2547094225883484,1.0,0.11209199351656189,1.0,0.8780487804878049,0.8048780487804879,0.18216878175735474,0,12,0,0.8030383586883545,0.6208695769309998,0.1969616413116455,0.37913042306900024,1.065,1.1995103922198742,,1,4,0,a57725da6f7d107117cf49fe2fd89f77ffb90185463f38573bac968a983bcde7
6,0.07645805180072784,0.0934046134352684,0.0480897160653108,0.09194349613633127,0.04385378007102046,0.9512195121951219,0.8536585365853658,0.447407603263855,3,16,13,0.7796758413314819,0.33226823806762695,0.22032415866851807,0.667731761932373,-0.525,-0.6353321953635975,-0.582707659278373,1,3,1,9ec58402e4c7c51a91e1f3d651a848f6d4d4471d463483d4c40f45374418d71b
7,0.1255301982164383,0.14803381264209747,0.13178680903365325,0.017839864619620765,0.14962667365327403,0.8780487804878049,0.975609756097561,0.07991230487823486,35,13,35,0.9398544430732727,0.8599421381950378,0.0601455457508564,0.14005786180496216,0.885,0.8635921624564551,1.043144170840384,1,1,1,4f5b60e0c399eae41b1946956c08a2a4d27c9135a97c2459a4179d9f690681ef
8,0.1831171214580536,0.20788073539733887,0.006780286045079131,0.16128209757936673,0.1545018115342876,1.0,0.5365853658536586,0.35816800594329834,38,5,4,0.7583908438682556,0.4002228379249573,0.24160915613174438,0.5997771620750427,0.855,0.6614614829047599,0.846863656745905,1,12,1,a54f8b3d6634b3f24998c2e76d81d40955639ba7f42dc45f648c765af8d533ba
9,0.15405815839767456,0.17488667368888855,0.26486812544923755,0.07569562581661055,0.189172499632627,0.7317073170731707,0.8536585365853658,0.22781461477279663,1,8,6,0.8387460708618164,0.6109314560890198,0.1612539142370224,0.3890685439109802,-0.525,-0.43416524902006737,-0.20715824946091496,1,5,1,f8be41ef1a9d4f02602f8f0bf7714c0ce2e17fd1b40e4202e53d5f9ea1985eb0
10,0.15415453910827637,0.17776727676391602,0.026791928814605775,0.0629606744434282,0.03616874562882243,0.975609756097561,0.8048780487804879,0.02715545892715454,16,12,11,0.8028936982154846,0.7757382392883301,0.19710630178451538,0.2242617905139923,-0.585,-0.5094471906678861,-0.552849685422473,1,8,1,a6796c5b7d3ff6b959670d2a86eae01784b162e62a2d89758ea26ea79f10e856
11,0.2206628918647766,0.30666548013687134,1.0,0.0349206520983351,1.0,0.9024390243902439,0.926829268292683,0.029437661170959473,38,30,28,0.8439279794692993,0.8144903182983398,0.1560719907283783,0.18550971150398254,1.095,1.136904782518002,,1,5,0,d0cb6a677e66d26beb19496bc36be3061055a649e1baf915a2b1e8f39cdb3813
12,0.18844343721866608,0.16241911053657532,0.038503648101138044,0.029650592342668113,0.008853055758469935,0.9512195121951219,0.9512195121951219,0.04215085506439209,19,28,6,0.9170860052108765,0.8749351501464844,0.08291396498680115,0.12506484985351562,0.855,0.8905807108112017,0.9012043777213656,1,3,1,ce02be35df30e9eb2bfd8822c192df1231f7590046536d8050489dc0e44ffdb8
13,0.11622834950685501,0.14955230057239532,0.027341306084641415,0.018900292055559487,0.0462415981402009,0.975609756097561,0.9512195121951219,0.14112353324890137,21,23,22,0.8852226734161377,0.7440991401672363,0.1147773489356041,0.2559008300304413,-0.765,-0.7423196495333286,-0.7978095673015697,1,3,1,5a9ef39a34861135b6c42eae3f8b8b6ad08e64106e96fcab5cad99bb4fb6ab79
14,0.19495105743408203,0.2213500440120697,0.033537053860397036,0.05420311998775462,0.02066606612735759,0.975609756097561,0.926829268292683,0.024565696716308594,15,18,15,0.8599840998649597,0.8354184031486511,0.14001590013504028,0.16458161175251007,-1.125,-1.0599562560146945,-1.0847555353675236,1,3,1,3430ad2868fd91b09c2084294c72ec1568d17a81779178fc2987e9f305ceae62
15,0.1091974750161171,0.09861467033624649,0.023632119892291147,0.006513468358940964,0.017118651533350182,0.975609756097561,0.975609756097561,0.06242084503173828,14,0,14,0.9996727705001831,0.9372519254684448,0.0003272519970778376,0.06274809688329697,-0.255,-0.26281616203072916,-0.2833585438707494,1,3,1,2e11dccdb2fa732a869eb9a24539fb8258d5f288e224895d8fdbb8e15109baad
16,0.11349041759967804,0.1426577866077423,0.00613389284426095,0.006640001728838811,0.0005061088845778605,1.0,0.926829268292683,0.2459803819656372,31,10,32,1.0,0.7540196180343628,0.0,0.2459803819656372,-0.7949999999999999,-0.7870319979253934,-0.7876393285868868,1,3,1,98ba25fd4ccdaf861a6c01ab759854f4e13b768afe271e94b8865aa27a6cc986
17,0.05729430913925171,0.06487562507390976,0.0067642116210991,0.11175819957375269,0.11852241119485178,1.0,0.9024390243902439,0.000704348087310791,0,3,1,0.8551164269447327,0.8544120788574219,0.14488357305526733,0.14558789134025574,-0.28500000000000003,-0.1508901605114968,-0.29311705394531895,1,1,1,c55bf6e1a760f78861e2a220e6c4f7d9e0653b92e58e3534f7f5b5485d3bdb7d
18,0.3384975492954254,0.40528860688209534,0.05854731258648568,0.0077895795569180954,0.050757733029567584,0.9512195121951219,0.926829268292683,0.0064116716384887695,28,33,28,0.9988798499107361,0.9924681782722473,0.0011201759334653616,0.007531823590397835,0.975,0.9656525045316983,0.9047432248962172,1,6,1,a46a81db87a23b79115e1375c360b0eb59298c687c3c9c8c071165e44291c248
19,0.2721034586429596,0.3222370147705078,0.052265498261682794,0.01116800104634913,0.06343349930803192,0.9512195121951219,1.0,0.04878002405166626,22,25,17,0.6542834639549255,0.6055034399032593,0.34571653604507446,0.3944965600967407,-0.855,-0.841598398744381,-0.9177185979140193,1,1,1,d6f2b4856cd43e29fea9726bae8a925e8de6522c61704aa6bbdf06ea9483eb0e
20,0.2565622329711914,0.288017213344574,0.29179466685538696,0.3309087259991701,0.03911405914378312,0.7073170731707317,0.6585365853658537,0.0043599605560302734,14,11,5,0.6047912836074829,0.6004313230514526,0.3952087461948395,0.39956867694854736,-1.0350000000000001,-0.637909528800996,-0.6848463997735358,1,3,1,c74d715e13f3d841a9b6c8d2e2581e300a12c77ecc8e7abc6efeef157a4549a3
21,0.06307408213615417,0.07533475756645203,0.002946825070587698,0.0053516035574019405,0.0024047784868142428,1.0,0.9512195121951219,0.0,29,0,33,1.0,1.0,0.0,0.0,-0.31499999999999995,-0.3214219242688823,-0.3185361900847052,1,3,1,4b3bbd9ef329bbb6a7769f9319d6341a709b28eb40057ced59bc2607292467f7
22,0.1986304223537445,0.28729549050331116,0.07186220090232862,0.2012996052319823,0.12943740432965367,0.926829268292683,0.8048780487804879,0.0,13,0,20,1.0,1.0,0.0,0.0,-1.095,-0.8534404737216212,-1.0087653589172056,1,1,1,08a4824bcdf58ec87b01dde0324dabbf3e3286bd606780b50d6c85125955e0ab
23,0.21027453243732452,0.2439948320388794,1.0,1.0,,0.5853658536585366,0.5853658536585366,0.02080059051513672,6,13,11,0.9946077466011047,0.973807156085968,0.005392276681959629,0.026192836463451385,0.705,,,1,0,0,2accf4c825942d383a2b649763d78aad4fa833feb23685629f736d738fdd319f
24,0.226894348859787,0.2400428205728531,0.6147189217757181,0.43209154291548796,0.18262737886023003,0.3902439024390244,0.5365853658536586,0.2065691351890564,9,31,17,0.8881334662437439,0.6815643310546875,0.1118665263056755,0.3184356689453125,0.9149999999999999,0.3964901485014144,0.17733729386913838,1,3,1,64b5b617d656b9a38dd1425e4f1ce428a695e8cc8c80f0a8b938ae589545d57f
25,0.15210947394371033,0.18036970496177673,1.0,0.09767847862530424,1.0,0.4634146341463415,0.9024390243902439,0.021922588348388672,6,4,0,0.6732926368713379,0.6513700485229492,0.3267073631286621,0.3486299216747284,0.5549999999999999,0.672214174350365,,1,1,0,a8a0cf5f780fdfee36445e1e2aa814e5dd0aae44ec176028f0726f201172ecfd
26,0.11694161593914032,0.13682273030281067,0.19049356780792642,0.1524997358761157,0.03799383193181072,0.8048780487804879,0.8292682926829268,0.0447811484336853,29,14,29,1.0,0.9552188515663147,0.0,0.044781167060136795,-0.735,-0.9179996830513388,-0.9635922813695117,1,3,1,9da59c4d6c41afb3706ec2309fd036be5cea43fef318ddc74037b01706afe977
27,0.06934663653373718,0.0944337472319603,0.11707001893330099,0.058229616682536345,0.058840402250764645,0.7560975609756098,0.7804878048780488,0.17015016078948975,4,11,4,0.9732834696769714,0.8031333088874817,0.026716532185673714,0.1968666911125183,0.615,0.5451244599809564,0.4745159772800388,1,7,3,ef794f71f1ce211f4ed977de2ed27067b7d5ddc90b8c881b3736efd7ff253472
28,0.13499413430690765,0.15733087062835693,0.20848961757691922,0.26876221745534307,0.060272599878423844,0.6829268292682927,0.6829268292682927,0.020671486854553223,20,7,19,1.0,0.9793285131454468,0.0,0.02067146822810173,0.585,0.2624853390535883,0.3348124589076969,1,3,2,0a955f32bb91af3c185987bc85967b672cd86f795c9973cd6071b03a05bb0f18
29,0.07661710679531097,0.08927959948778152,0.10040266057529965,0.01307366632494945,0.11347632690024909,0.9024390243902439,0.9512195121951219,0.10543137788772583,6,14,7,0.7889904379844666,0.6835590600967407,0.21100957691669464,0.3164409101009369,-0.405,-0.3893116004100607,-0.5254831926903596,1,3,1,9c71e3652d961cebd18181828188cb8bbe8dac17418edf44b0675846badc5da9
30,0.10992367565631866,0.12154290825128555,0.1349644932243772,0.026151249921182267,0.10881324330319492,0.8780487804878049,0.975609756097561,0.12818139791488647,19,23,13,0.7443048357963562,0.6161234378814697,0.2556951642036438,0.38387659192085266,-0.6749999999999999,-0.7063814999054187,-0.8369573918692526,1,1,1,41f863848f29bc3007108be4d7ddc7a60bb73a821293252b574061e1e724e25b
31,0.19848890602588654,0.20412375032901764,1.0,0.00473457966625096,1.0,0.6829268292682927,0.8292682926829268,0.002914905548095703,6,16,5,1.0,0.9970850944519043,0.0,0.0029148960020393133,-0.825,-0.8193185044004988,,1,3,0,1f085839d8f197b76ed77aac62a9b1e2aa41eec93431281511402f37b41f620b
32,0.1870017796754837,0.19549530744552612,0.1910085553980903,0.0459297831880177,0.23693833858610802,0.8048780487804879,0.9024390243902439,0.04504656791687012,11,24,10,0.5015988349914551,0.45655226707458496,0.4984011650085449,0.543447732925415,0.705,0.6498842601743787,0.9342102664777083,1,3,1,3070d7607d973df9cf756e112bfaf1075f597853895bbe7ac5d13580cc414f4c
33,0.1748589128255844,0.22305269539356232,1.0,1.0,,0.975609756097561,0.975609756097561,0.19149786233901978,0,24,13,1.0,0.8085021376609802,0.0,0.19149787724018097,-1.185,,,1,0,0,a64f93ad781e93094552d1295f5424c575bf1a869c5c1bfd3438806246b2e3dd
34,0.0848705843091011,0.0935111790895462,0.20627908750652005,0.16178894470799218,0.04449014279852786,0.8048780487804879,0.8536585365853658,0.14954620599746704,17,23,18,0.9789032936096191,0.8293570876121521,0.021096736192703247,0.1706428974866867,0.6749999999999999,0.4808532663504093,0.4274650949921759,1,1,1,42af8c4a8d35ddde5f47c33443d6e20b01acac19e51987906d089bbfbebe74d4
35,0.09913678467273712,0.10939855128526688,0.18051600131320023,0.20252768904822768,0.022011687735027468,0.8292682926829268,0.7804878048780488,0.0,33,22,31,0.8321537971496582,0.8321537971496582,0.1678462028503418,0.1678462028503418,0.645,0.4019667731421268,0.42838079842415977,1,3,1,111b9d5ace0d12bc75ba0d64d915880688533eb8ec7b279a0b488c1f31109d0f
36,0.11406348645687103,0.12810778617858887,0.15600217006756698,0.08720558153860053,0.06879658852896645,0.8536585365853658,0.926829268292683,0.42164361476898193,0,24,0,1.0,0.5783563852310181,0.0,0.42164358496665955,0.7949999999999999,0.8996466978463206,0.9822026040810803,1,1,1,90a9a8f8f4699fd6dda5d971b97f001657fa987f2fcc93a366b80f88f58d5f0e
37,0.0735139548778534,0.08384649455547333,0.06398485175630983,0.14014872126938557,0.2041335730256954,0.926829268292683,0.8292682926829268,0.006753981113433838,1,11,2,0.8536476492881775,0.8468936681747437,0.14635233581066132,0.15310636162757874,0.375,0.20682153447673732,0.4517818221075718,1,3,1,cc5e5210d15b1874966722489fb4959de083a7351b9f870412c63efb63dcc0e0
38,0.08006250858306885,0.1002630814909935,0.0625595053173833,0.04258721568657624,0.10514672100395954,0.926829268292683,0.9512195121951219,0.38170820474624634,16,4,17,0.8076663017272949,0.4259580969810486,0.1923336684703827,0.5740419030189514,0.585,0.5338953411761085,0.6600714063808599,1,1,1,096fdfe261e94e37f650e71e860f2bb303a9f3af8b7640e77725869c0cce5b74
39,0.10788387060165405,0.13375036418437958,0.08318718694563298,0.05152974113282934,0.03165744581280365,0.926829268292683,0.926829268292683,0.00795978307723999,29,22,37,0.754523754119873,0.7465639710426331,0.24547627568244934,0.25343602895736694,-0.6749999999999999,-0.7368356893593951,-0.7748246243347595,1,3,1,166a223fbcd04d01bb04069f6e539dd60e1f55974719dec6b281d4fded1baf03
40,0.17190343141555786,0.2091452032327652,0.23745623327386262,1.0,,0.7073170731707317,0.6829268292682927,0.11430299282073975,18,28,14,0.8145196437835693,0.7002166509628296,0.18548035621643066,0.2997833490371704,0.825,,1.109947479928635,1,0,2,83225ec1730165ba7e70662e87399f08431f8c4924c5ef4d28a31d00dca1d818
41,0.10278508812189102,0.1428850293159485,0.12609719782382733,0.10506818832154675,0.021029009502280586,0.8780487804878049,0.9024390243902439,0.0,36,17,10,0.7205485701560974,0.7205485701560974,0.2794514298439026,0.2794514298439026,-0.495,-0.3689181740141439,-0.3436833626114072,1,1,1,f31f32257d1386334767bb5d0460d0e6705a8b42b0de19e02f81b3eff86f4ac7
42,0.15315815806388855,0.17498266696929932,1.0,1.0,,0.7804878048780488,0.7804878048780488,0.15744870901107788,36,27,35,0.8803428411483765,0.7228941321372986,0.11965715140104294,0.2771058678627014,-0.945,,,1,0,0,e26920387c65619c939695fd827dde12d22ca51c2a55da6fd246ddfa06e57104
43,0.09190518409013748,0.10132607072591782,0.012294473917082762,0.08932009789194127,0.10161457180902403,1.0,0.9024390243902439,0.007358551025390625,6,9,7,0.8637072443962097,0.8563486933708191,0.13629277050495148,0.1436513066291809,-0.255,-0.14781588252967048,-0.2697533687004993,1,1,1,4094fe23ee2fc3011a516d3dc3d5a5a9e8404ca8dfc8bf969bd41713c8049729
44,0.14052729308605194,0.1863858848810196,0.16465890829019542,0.09137891649497086,0.07327999179522454,0.8292682926829268,0.9024390243902439,0.04719185829162598,19,17,22,0.9952434301376343,0.9480515718460083,0.004756593611091375,0.051948439329862595,0.705,0.814654699793965,0.9025906899482344,1,1,1,69807761a5d689ce0d86de9570cdde09829faab2a15646d50a20f1fada27e245
45,0.07452559471130371,0.09775754064321518,0.05674661146111787,0.014373166784298388,0.042373444676819486,0.9512195121951219,0.975609756097561,0.0,21,14,13,0.8517586588859558,0.8517586588859558,0.148241326212883,0.148241326212883,0.405,0.38775219985884196,0.3369040662466586,1,1,1,7b093816de9b8713b58447f04146ea4dcea4683c148f8458c41a7dc3b6572328
46,0.17449180781841278,0.17705057561397552,0.05508889458173498,0.111518579188614,0.05642968460687903,0.9512195121951219,0.7804878048780488,0.0,18,0,20,1.0,1.0,0.0,0.0,-0.885,-1.0188222950263368,-0.951106673498082,1,5,1,8112f40813a6e68568ecb95dd4105bdf343f0f3a5ab96bd861de4c8bae1bf1ac
47,0.13518443703651428,0.1463794708251953,0.08841013258314517,0.03738498708125908,0.0510251455018861,0.9024390243902439,0.8780487804878049,0.22523856163024902,18,10,19,1.0,0.774761438369751,0.0,0.22523853182792664,-0.975,-0.9301380155024891,-0.8689078409002258,1,7,1,09476f973f536bfd068664b4be4f5519aa9a775f2d027a6e3550ff5fb8c3a1cb
48,0.22515608370304108,0.19525668025016785,0.044464442851919105,0.07208419578127827,0.027619752929359163,0.9512195121951219,0.926829268292683,0.17822688817977905,14,24,10,1.0,0.821773111820221,0.0,0.17822687327861786,0.705,0.618498965062466,0.651642668577697,1,1,1,1b5396b71b4e1c66d6b5638b90514cf6b51c49d61ee42011371c1c879efefe76
49,0.06971203535795212,0.07567881792783737,0.02654388396614027,0.10245820773667143,0.07591432377053116,0.975609756097561,0.9024390243902439,0.016806185245513916,11,2,9,0.6310915350914001,0.6142853498458862,0.36890846490859985,0.38571467995643616,0.135,0.2579498492840057,0.16685266075936833,1,1,1,7b4b52af1b27e5e7adbb293953b145b92bc701587ce1856777d0738463222beb
50,0.10885319858789444,0.11953525990247726,0.5454340162283738,0.5058420235402941,0.03959199268807982,0.4634146341463415,0.4634146341463415,0.0597040057182312,15,0,13,0.9443195462226868,0.8846155405044556,0.05568045377731323,0.11538442969322205,-0.31499999999999995,-0.9220104282483528,-0.9695208194740486,1,3,1,d0611438c43256a635a1bbcc50732eec6a344858bbabfef82c7072c1dbf89bd6
51,0.10731576383113861,0.14721021056175232,0.07326818490047599,0.06461908381183333,0.00864910108864266,0.926829268292683,0.926829268292683,0.0844985842704773,18,16,21,0.7044062614440918,0.6199076771736145,0.2955937385559082,0.3800923228263855,-0.705,-0.7825429005742,-0.7929218218805711,1,1,1,6ef51c7de0ec7868a1442b52435596a36c9cf7f8dbc977596e9ab0e2ab58751d
52,0.118043914437294,0.12257344275712967,0.060857565966612875,0.08245565693429209,0.02159809096767921,0.9512195121951219,0.926829268292683,0.026388704776763916,8,18,39,1.0,0.9736112952232361,0.0,0.02638872154057026,0.525,0.4260532116788495,0.45197092084006457,1,1,1,8358e5bc7b44ca7c53454ca654ba1ad756c1e660b9ef6cb506cbd0d24b3f99e7
53,0.06509976089000702,0.08081217110157013,0.03276842675063757,0.025104945708995473,0.0076634810416420975,0.975609756097561,0.975609756097561,0.00018227100372314453,7,8,4,0.6023819446563721,0.6021996736526489,0.39761805534362793,0.39780035614967346,-0.22499999999999998,-0.25512593485079454,-0.26432211210076506,1,1,1,b3ffea353d12173f19ae0db2e075e850a08d1a9b790a76e9668beebce428c7f8
54,0.07412301748991013,0.0927678644657135,0.1727077050874956,0.19336750712420897,0.020659802036713342,0.8292682926829268,0.8048780487804879,0.0,17,0,17,1.0,1.0,0.0,0.0,-0.5549999999999999,-0.7870410085490507,-0.7622492461049947,1,1,1,8e61120b05e1792f4c305b9580291b70646de57313f42650a83f091b3d2d33cf
55,0.15101750195026398,0.16655869781970978,0.022236366987411958,0.06141617608137094,0.03917980909395898,0.975609756097561,0.926829268292683,0.1107102632522583,9,4,10,0.5995782613754272,0.48886799812316895,0.40042176842689514,0.511132001876831,-0.645,-0.5713005887023549,-0.6183163596151057,1,3,1,37e19a8e2c2b1d0bf8f9c75cfde5a3cfa34c88c269fd1327a978835405c8acbb
56,0.056635256856679916,0.06393083184957504,0.08783662445354831,0.048037159060288034,0.13587378351383633,0.9024390243902439,0.926829268292683,0.0,7,0,39,1.0,1.0,0.0,0.0,-0.195,-0.25264459087234564,-0.08959605065574204,1,2,1,4d0036b4d048ae94021aa5354166f2703672fd3d04855ddf6098a191876a2054
57,0.09953463822603226,0.11595867574214935,0.02613586062982167,0.09883536924497838,0.07269950861515671,0.975609756097561,0.9024390243902439,0.0,24,21,23,0.6125049591064453,0.6125049591064453,0.3874950110912323,0.3874950110912323,0.615,0.733602443093974,0.646363032755786,1,1,1,185e31902f24d99cd3f64f4cbaeb8fbb84e0487d8db15d10a4790016e979ea61
58,0.15677861869335175,0.139010950922966,0.10500212903056204,0.046799748533919716,0.05820238049664232,0.9024390243902439,0.9512195121951219,0.030132293701171875,20,27,20,1.0,0.9698677062988281,0.0,0.03013230487704277,0.825,0.8811596982407036,0.9510025548366744,1,1,1,26c24dead261ec0d89de973add04895b65d053281fae81f17e762c6629c87117
59,0.13333626091480255,0.18871952593326569,0.11157463109258933,0.01077197683531724,0.10080265425727208,0.9024390243902439,0.9512195121951219,0.0,8,0,8,1.0,1.0,0.0,0.0,-0.855,-0.8679263722023807,-0.9888895573111072,1,3,1,12cc7a3db16dc381f533a6796f426e6f84048bbef6553ea7b11359198a35afa6
60,0.1070733442902565,0.12158209830522537,0.032337963640847456,0.0038754713464066635,0.028462492294440794,0.975609756097561,1.0,0.0,17,0,24,1.0,1.0,0.0,0.0,-0.5549999999999999,-0.5596505656156879,-0.5938055563690169,1,1,1,71565afa51b77254611cf22f514563e339dcf3237cbb76beff02a8c79b92f710
61,0.30702126026153564,0.39014482498168945,1.0,1.0,,0.7317073170731707,0.7317073170731707,0.06687688827514648,33,25,34,0.4282827377319336,0.3614058494567871,0.5717172622680664,0.6385941505432129,0.885,,,1,0,0,cc9ffb3634fec115604ea9b46bc03514f6aededa7b37c0950cb79406930058a0
62,0.18667499721050262,0.24045148491859436,0.04907019476355061,0.07976111498042819,0.030690920216877582,0.9512195121951219,0.926829268292683,0.4664461612701416,16,29,15,1.0,0.5335538387298584,0.0,0.4664461612701416,1.005,1.1007133379765137,1.0638842337162606,1,1,1,b62f954626db5be1d70ebc342f74a8d14b890d6302e86021f99eb72840510b87
63,0.13669727742671967,0.17084860801696777,0.032910604397730914,0.001772350862556856,0.03468295526028777,0.975609756097561,0.9512195121951219,0.05856531858444214,17,24,26,0.7775765061378479,0.7190111875534058,0.2224235087633133,0.28098881244659424,0.705,0.7071268210350682,0.6655072747227229,1,3,1,4af4973657807e5e0beb2c962341625a9704e017bc3f33b2ff35e67a657a6736
64,0.1448953002691269,0.16047604382038116,0.13591984635260984,0.14469227153492759,0.008772425182317727,0.8780487804878049,0.7560975609756098,0.0,39,35,31,0.637466311454773,0.637466311454773,0.36253368854522705,0.36253368854522705,1.0350000000000001,0.8613692741580871,0.8718961843768683,1,5,1,15efd03dc1e65fc81444eb4c16c99ba5ba71acc05d4cd9674f760a55fbbcb8fd
65,0.14588120579719543,0.19453157484531403,0.00527929716643912,0.10023085360338163,0.09495155643694252,1.0,0.8780487804878049,0.3847494125366211,13,21,12,0.9981024265289307,0.6133530139923096,0.0018975484417751431,0.38664698600769043,0.765,0.885277024324058,0.771335156599727,1,3,1,608476ee1f8b3f1b1a4cea386967a2b5d720671229dd869c68980e9a1cd05e1a
66,0.16545872390270233,0.18261617422103882,0.015092557405893919,0.03459188921671584,0.019499331810821918,0.975609756097561,0.975609756097561,0.22358238697052002,15,20,1,1.0,0.77641761302948,0.0,0.2235824167728424,-0.7949999999999999,-0.8365102670600589,-0.8131110688870726,1,1,1,961b51628e26decb93db8b73b6a45da173fa85890145c5fb198a7721abf591cb
67,0.26721832156181335,0.28114524483680725,0.09435563357474873,0.02212935574522984,0.07222627782951889,0.8048780487804879,0.975609756097561,0.3213386535644531,0,13,10,0.7405439615249634,0.41920530796051025,0.25945600867271423,0.5807946920394897,0.885,0.9115552268942758,0.9982267602896985,1,1,2,79f1f5c81175172051a23f95e673c851367661776a2718f0357b2690642e9ec8
68,0.193390890955925,0.24646146595478058,0.052747234764394434,0.03047488965626085,0.08322212442065528,0.9512195121951219,0.9512195121951219,0.25986844301223755,2,38,0,1.0,0.7401315569877625,0.0,0.25986844301223755,-1.125,-1.161569867587513,-1.0617033182827267,1,2,1,4e2684691c4929e9c2be208c9bbca526e58ee37247b1eecfee4f55b16578567e
69,0.11583324521780014,0.12571819126605988,0.06823813241179653,0.030233159832761446,0.03800497257903509,0.926829268292683,0.9512195121951219,0.16292321681976318,19,25,21,0.8613065481185913,0.6983833312988281,0.13869346678256989,0.3016166388988495,0.735,0.7712797917993137,0.8168857588941558,1,3,1,7dc07ac9657a1f48421e88ca96c18f181fdd7ef8b3bd4ecc7baed210ea1edb67
70,0.11037857830524445,0.13861586153507233,0.1854778270113607,0.12195594989321704,0.06352187711814367,0.8292682926829268,0.8780487804878049,0.18685966730117798,9,21,6,0.7976316809654236,0.6107720136642456,0.20236831903457642,0.3892279863357544,-0.645,-0.7913471398718604,-0.8675733924136328,1,1,1,6c8d8e4d9d2dc0f9e298b042fdcfec80f1c038890abdaca95a8a62334d042650
71,0.2432531714439392,0.2795528173446655,0.09703019564232723,0.19055336151576757,0.09352316587344034,0.9024390243902439,0.8048780487804879,0.002173125743865967,32,28,27,0.6245155930519104,0.6223424673080444,0.3754844069480896,0.37765756249427795,-1.0350000000000001,-0.8063359661810791,-0.9185637652292075,1,1,1,fd56172b3c453e2b00a3aafc317209aa236b5ab00aff0f3cb42c1627ffeb0482
72,0.1541583240032196,0.16027899086475372,0.12626864833804247,0.1587333913392199,0.03246474300117745,0.8780487804878049,0.7804878048780488,0.00408250093460083,14,21,13,1.0,0.9959174990653992,0.0,0.00408248882740736,-1.005,-1.1954800696070638,-1.1565223780056508,1,3,1,502fe8f28f882101cb4f77e84d7fa0d3c1de079282fce8fcf293571ec6a65cd9
73,0.13412117958068848,0.1587580293416977,0.10092220488179769,0.2650137127523847,0.16409150787058704,0.7560975609756098,0.7317073170731707,0.17134952545166016,17,1,20,0.7670942544937134,0.5957447290420532,0.232905775308609,0.4042552709579468,0.705,0.3869835446971383,0.5838933541418427,1,1,5,adcad1376a93afa9569ab8635ee066da6331641103db2dc5abbe19dd89a9d185
74,0.22748176753520966,0.30424413084983826,0.0718094799909604,0.047846036340995865,0.023963443649964538,0.8780487804878049,0.7073170731707317,0.0,25,0,15,1.0,1.0,0.0,0.0,0.885,0.827584756390805,0.7988286240108475,1,9,3,6e43a6eb3cc07f104eac6ede23dba2840b02232a9aec15ebbf83b0402e3baa35
75,0.08204090595245361,0.11168552190065384,0.16838743245523075,0.03650923614772081,0.13187819630750994,0.8292682926829268,0.9024390243902439,0.021770358085632324,13,16,17,0.7799825668334961,0.7582122087478638,0.2200174331665039,0.24178780615329742,-0.46499999999999997,-0.421188916622735,-0.2629350810537231,1,3,1,a9eede8ed854222fcfaad7946594b1807edce3757478bc4ff25c10b01e92d429
76,0.13996140658855438,0.167851522564888,1.0,0.05542487346695306,1.0,0.8292682926829268,0.9024390243902439,0.15213227272033691,30,27,30,0.4035850763320923,0.25145280361175537,0.5964149236679077,0.7485471963882446,-1.005,-1.0715098481603436,,1,3,0,b6e1a5c98e324820c8732fa63fb3524377ce3500087130a009aa1d328d14a62a
77,0.1580980122089386,0.1602713018655777,1.0,0.02138813074930135,1.0,0.926829268292683,0.975609756097561,0.05530160665512085,38,19,28,0.9657014608383179,0.910399854183197,0.034298546612262726,0.08960013091564178,1.125,1.0993342431008384,,1,1,0,7c4dbb30dd6ed8f20a82d5d47fefecb4d836fdf91f03708265db8e94223ed0be
78,0.15184064209461212,0.1438501477241516,1.0,0.05746290054193841,1.0,0.6097560975609756,0.8292682926829268,0.2037333846092224,14,25,8,0.9314997792243958,0.7277663946151733,0.06850024312734604,0.2722335755825043,-0.735,-0.6660445193496739,,1,5,0,e488c05036c9faad71bd82b53e9bd15ebcc00830ede366ec01924d6d45fd8f3e
79,0.07952050864696503,0.11143126338720322,0.43527172437811035,0.2750371001131031,0.16023462426500723,0.5853658536585366,0.6097560975609756,0.23851686716079712,10,0,8,0.8466497659683228,0.6081328988075256,0.15335023403167725,0.39186710119247437,0.645,0.9750445201357237,1.1673260692537324,1,3,1,7c3e7d7662169f33f50e594f160c3a558e34904a2657dde67e414364cb7988c8
80,0.142345130443573,0.1572035402059555,0.06290169405058546,0.2965895011503141,0.23368780709972864,0.926829268292683,0.6829268292682927,0.006371796131134033,6,22,18,0.6987879872322083,0.6924161911010742,0.30121201276779175,0.3075837790966034,-0.645,-0.2890925986196231,-0.5695179671392975,1,3,1,005f5190e768a1a2d207c9697a88744d79e0138d5b7641a3d3c10d1044e7f55c
81,0.0992182046175003,0.1497383415699005,0.22807070615932226,0.198353607392088,0.029717098767234284,0.7804878048780488,0.8048780487804879,0.039268314838409424,14,16,15,0.7454761266708374,0.706207811832428,0.2545238733291626,0.293792188167572,0.5549999999999999,0.3169756711294944,0.28131515260881323,1,1,1,92a41c11390a4903c13f46166b635f83c561e3271f41337042741ae8c5e5408d
82,0.21274803578853607,0.22291192412376404,0.07368176231540069,0.050074191936326416,0.023607570379074277,0.926829268292683,0.926829268292683,0.36543118953704834,12,3,14,1.0,0.6345688104629517,0.0,0.3654312193393707,-1.095,-1.0349109696764083,-1.0065818852215191,1,3,1,90889c018c05f756f0c43e19780d6f699297068eaef6d3082f7dd2db37ea960b
83,0.19641967117786407,0.21990826725959778,0.3210570657147561,0.05476462336631294,0.37582168908106905,0.6829268292682927,0.6341463414634146,0.0002804994583129883,7,23,20,1.0,0.999719500541687,0.0,0.0002804911055136472,0.6749999999999999,0.6092824519604244,1.0602684788577073,1,3,1,d20ed5d250a15aac8c795dcd8571517d9f186909fe1b6d6c72571bd1345885a6
84,0.23444154858589172,0.20820875465869904,0.18356872842820363,0.29405066239585986,0.11048193396765624,0.8292682926829268,0.7073170731707317,0.10826045274734497,0,6,1,0.8684308528900146,0.7601704001426697,0.13156913220882416,0.23982961475849152,0.16499999999999998,0.5178607948750318,0.3852824741138443,1,1,1,4d72edd40e9938e5cf4fae11090ff6efec29a75f84a2b1bdba176dd2ffb6cf74
85,0.061634745448827744,0.06874613463878632,0.026096151271619066,0.10337398260911207,0.07727783133749301,0.975609756097561,0.9024390243902439,0.009520471096038818,1,9,5,1.0,0.9904795289039612,0.0,0.009520496241748333,-0.255,-0.3790487791309345,-0.2863153815259429,1,1,1,7f701da107ff384227f25b7c05d9aa0483c2cf4503a87293de398b4db537434f
86,0.0681028738617897,0.06936352699995041,0.25698138952821264,0.19080611449395102,0.0661752750342616,0.7560975609756098,0.8048780487804879,0.05305826663970947,0,7,5,0.975448727607727,0.9223904609680176,0.02455124445259571,0.07760956883430481,-0.195,-0.42396733739274123,-0.5033776674338551,1,1,1,5f22cb913a8c936baecc1f0c17ebf558a5211c2a0235e3da33dd77e80e0a4bbc
87,0.06283929198980331,0.07331015169620514,0.05912655820873497,0.021954089393389036,0.03717246881534594,0.9512195121951219,0.975609756097561,0.0,28,0,29,1.0,1.0,0.0,0.0,-0.31499999999999995,-0.3413449072720668,-0.3859518698504819,1,1,1,b8a113a6003de3380eb34b73e35a9bd33634ad74917c5827d7017fdfe5adaab6
88,0.1596372127532959,0.17238415777683258,1.0,1.0,,0.8292682926829268,0.8292682926829268,0.056778669357299805,22,31,16,0.7603074312210083,0.7035287618637085,0.2396925389766693,0.2964712679386139,1.005,,,1,0,0,90f5231612ee02922f66dc61cf234b43fbc1140bde8d311c1561c37aa3e28a5a
89,0.08949196338653564,0.08772183954715729,0.3546221583996343,0.3434452700704729,0.011176888329161399,0.6585365853658537,0.5853658536585366,0.004686594009399414,6,7,35,0.8437564373016357,0.8390698432922363,0.15624353289604187,0.16093015670776367,0.195,0.6071343240845675,0.6205465900795611,1,3,1,e7a0f51438c2131b2103520046b15e224cd542ef2e2568d7a763946aec436754
90,0.0873948335647583,0.11244367808103561,0.004705826579913438,0.027287468044996287,0.03199329462490973,1.0,0.975609756097561,0.0,22,22,22,0.9067927598953247,0.9067927598953247,0.0932072177529335,0.0932072177529335,-0.645,-0.6122550383460045,-0.6506469918958961,1,1,1,005e86fa49679a068cab81df85b44d8e1af33275fcc0019c3412d9332658251b
91,0.1802826076745987,0.1814574897289276,0.0004109825563317071,0.016092070972775208,0.016503053529106915,1.0,0.975609756097561,0.21833813190460205,24,26,29,0.7253199815750122,0.5069818496704102,0.2746800482273102,0.49301815032958984,-0.9149999999999999,-0.8956895148326697,-0.915493179067598,1,1,1,15bc6ddc2985634d11757b5488338f73c164788e8f69ae396a0415443ff0b7b1
92,0.11077797412872314,0.12456172704696655,0.6071143329853549,0.21766483939844317,0.38944949358691167,0.4146341463414634,0.6585365853658537,0.08896160125732422,10,15,14,1.0,0.9110383987426758,0.0,0.08896160125732422,-0.43499999999999994,-0.6961978072781317,-1.1635371995824257,1,9,1,1933ec940918d46f8e97b9d03188595a087e7eee1ad0ba8032420fa52fe1cfc6
93,0.060727305710315704,0.07445352524518967,0.027488827400442215,0.060532442157348765,0.03304361475690655,0.975609756097561,0.9512195121951219,0.0988805890083313,13,3,18,0.619488537311554,0.5206079483032227,0.38051146268844604,0.47939202189445496,0.22499999999999998,0.15236106941118147,0.19201340711946932,1,1,1,efb006229ac06d0495d25ec28648557ee4ec7173365bc8727dba8c3a232b2db8
94,0.2613142430782318,0.2645651698112488,1.0,1.0,,0.8780487804878049,0.8780487804878049,0.16493147611618042,10,33,6,1.0,0.8350685238838196,0.0,0.16493147611618042,-1.065,,,1,0,0,39c44eff7ccca726c9bcdf50a3b9b84610560d712686254c7b3f20638adfcf8e
95,0.2610626220703125,0.2195003777742386,1.0,1.0,,0.6097560975609756,0.6097560975609756,0.30957460403442383,4,17,7,0.7494322061538696,0.4398576021194458,0.25056779384613037,0.5601423978805542,0.735,,,1,0,0,5965f69bd82a9bc7568bba0583cb0228afa10070b2ce4f5b92eb558770cb0b11
96,0.16469676792621613,0.20584246516227722,0.003258624829346098,0.020812343838276702,0.0175537190089306,1.0,0.975609756097561,0.0,4,0,4,1.0,1.0,0.0,0.0,0.9149999999999999,0.8900251873940679,0.9110896502047846,1,1,1,f34e83a2992105c15805942ec098e185adb22801bf58303790c0afc1099b8963
97,0.1559632122516632,0.1705760359764099,0.06867226976903017,0.003964093593794293,0.06470817617523587,0.926829268292683,0.8536585365853658,0.012562215328216553,0,29,7,1.0,0.9874377846717834,0.0,0.012562236748635769,-0.975,-0.9797569123125531,-1.0574067237228362,1,3,1,1486d140ea16fea449c9a7a3a768b8e0274236696f4d328b0bb3211680cdbc16
98,0.20538230240345,0.20375549793243408,0.04434493460248342,0.004229575015749406,0.04857450961823283,0.9512195121951219,1.0,0.3396076560020447,19,26,21,0.9177122116088867,0.578104555606842,0.08228780329227448,0.42189544439315796,-0.945,-0.9500754900188992,-0.8917860784770199,1,1,1,3fdb6691cedffb1b5f2df600fbab4f2055a99d3b52755eef90a9c200904030e0
99,0.05139445513486862,0.058200348168611526,0.15973581331730802,0.09472240390416789,0.06501340941314013,0.8536585365853658,0.9024390243902439,0.1261560320854187,3,0,3,0.8558182716369629,0.7296622395515442,0.1441817581653595,0.2703377604484558,0.255,0.3686668846850015,0.4466829759807696,1,1,1,4c269aa5b5bcca7893da07a8f1dfcda9ab118cb38b7b1967e82d33ed8dfd2218
