anchor_state,informative,learned_gt_rho,learned_gt_pairwise_accuracy,learned_gt_topk_retrieval,learned_gt_selected_index,learned_gt_oracle_index,learned_gt_selection_regret,learned_gt_boundary_pair_accuracy,learned_gt_near_adjacent_accuracy,learned_gt_far_adjacent_accuracy,learned_gt_near_pair_count,learned_gt_far_pair_count,learned_pred_rho,learned_pred_pairwise_accuracy,learned_pred_topk_retrieval,learned_pred_selected_index,learned_pred_oracle_index,learned_pred_selection_regret,learned_pred_boundary_pair_accuracy,learned_pred_near_adjacent_accuracy,learned_pred_far_adjacent_accuracy,learned_pred_near_pair_count,learned_pred_far_pair_count,fixed_gt_rho,fixed_gt_pairwise_accuracy,fixed_gt_topk_retrieval,fixed_gt_selected_index,fixed_gt_oracle_index,fixed_gt_selection_regret,fixed_gt_boundary_pair_accuracy,fixed_gt_near_adjacent_accuracy,fixed_gt_far_adjacent_accuracy,fixed_gt_near_pair_count,fixed_gt_far_pair_count,fixed_pred_rho,fixed_pred_pairwise_accuracy,fixed_pred_topk_retrieval,fixed_pred_selected_index,fixed_pred_oracle_index,fixed_pred_selection_regret,fixed_pred_boundary_pair_accuracy,fixed_pred_near_adjacent_accuracy,fixed_pred_far_adjacent_accuracy,fixed_pred_near_pair_count,fixed_pred_far_pair_count,delta_rho_gt_minus_pred,delta_regret_pred_minus_gt
0,True,0.9377399756187601,0.9934959349593496,1.0,38,21,0.0,1.0,0.6666666666666666,0.8181818181818182,3,11,0.9386679716361958,1.0,0.0,40,21,0.0,1.0,1.0,1.0,3,11,-0.7869406227854612,0.14308943089430895,0.0,17,21,0.15527993440628052,1.0,0.6666666666666666,0.09090909090909091,3,11,-0.8220188722445302,0.13008130081300814,0.0,8,21,0.5071966648101807,0.0,0.3333333333333333,0.45454545454545453,3,11,-0.0009279960174356505,0.0
1,True,0.27444418342005494,0.6390423572744015,1.0,1,1,0.0,1.0,0.5,0.8333333333333334,2,6,-0.01491134146505113,0.48066298342541436,1.0,1,1,0.0,1.0,0.5,0.8333333333333334,2,6,-0.4671591155190069,0.26887661141804786,1.0,1,1,0.0,0.0,0.0,0.6666666666666666,2,6,-0.23197517291832706,0.3443830570902394,1.0,2,1,0.08726418018341064,0.0,0.0,0.6666666666666666,2,6,0.2893555248851061,0.0
2,True,0.9398058158569326,0.967741935483871,1.0,19,19,0.0,1.0,0.6666666666666666,0.8,3,10,0.8718310179801976,0.9308755760368663,1.0,20,19,0.019692301750183105,1.0,1.0,0.8,3,10,-0.6436815634045607,0.25960061443932414,0.0,2,19,0.44052332639694214,0.0,0.6666666666666666,0.5,3,10,-0.3081463909066349,0.39477726574500765,0.0,2,19,0.44052332639694214,1.0,1.0,0.4,3,10,0.067974797876735,0.019692301750183105
3,True,0.9047961169997931,0.9626016260162602,1.0,31,30,0.0018935203552246094,1.0,0.6666666666666666,0.9090909090909091,3,11,0.9302232078775311,0.9821138211382113,1.0,32,30,0.013036966323852539,1.0,1.0,1.0,3,11,-0.5388872873249025,0.2682926829268293,0.0,29,30,0.13750839233398438,0.0,0.3333333333333333,0.36363636363636365,3,11,-0.5509512355515664,0.2926829268292683,0.0,25,30,0.32010477781295776,1.0,1.0,0.2727272727272727,3,11,-0.02542709087773798,0.01114344596862793
4,False,,,1.0,6,0,0.0,,,,0,0,,,0.0,28,0,0.0,,,,0,0,,,0.0,38,0,0.0,,,,0,0,,,0.0,36,0,0.0,,,,0,0,,0.0
5,True,0.775240050516604,0.8012345679012346,0.0,21,12,0.062376558780670166,0.0,0.6666666666666666,0.6129032258064516,3,31,0.7473411733050305,0.8160493827160494,0.0,6,12,0.0670965313911438,1.0,1.0,0.6451612903225806,3,31,0.03365302063646077,0.5074074074074074,0.0,22,12,0.07245862483978271,1.0,0.3333333333333333,0.45161290322580644,3,31,0.5089801411286476,0.6851851851851852,0.0,0,12,0.18216878175735474,1.0,0.3333333333333333,0.5161290322580645,3,31,0.02789887721157358,0.004719972610473633
6,True,0.7344297918900381,0.8712522045855379,0.0,15,16,0.027350306510925293,0.0,0.3333333333333333,0.8461538461538461,3,13,0.847684778093677,0.9559082892416225,1.0,16,16,0.0,1.0,1.0,1.0,3,13,-0.7234882084771442,0.19929453262786595,0.0,13,16,0.1723608374595642,1.0,0.3333333333333333,0.6153846153846154,3,13,-0.767062584524985,0.1746031746031746,0.0,13,16,0.1723608374595642,1.0,0.3333333333333333,0.6923076923076923,3,13,-0.11325498620363894,-0.027350306510925293
7,True,0.061975288838774074,0.4708222811671088,0.0,24,13,0.11924326419830322,1.0,0.3333333333333333,0.5238095238095238,3,21,0.42502371379772896,0.6618037135278515,0.0,40,13,0.07991230487823486,1.0,1.0,0.5238095238095238,3,21,-0.00123246313031653,0.4960212201591512,0.0,28,13,0.09232044219970703,1.0,0.6666666666666666,0.38095238095238093,3,21,0.17324910289020934,0.5450928381962865,0.0,40,13,0.07991230487823486,1.0,1.0,0.2857142857142857,3,21,-0.3630484249589549,-0.03933095932006836
8,True,0.9757838389866191,0.9818941504178273,1.0,4,5,0.04059255123138428,1.0,0.6666666666666666,0.8125,3,16,0.897331526705118,0.9122562674094707,1.0,2,5,0.16126149892807007,1.0,0.6666666666666666,0.6875,3,16,0.9054778164679825,0.9178272980501393,1.0,4,5,0.04059255123138428,1.0,1.0,0.6875,3,16,0.8186135745400449,0.8662952646239555,1.0,4,5,0.04059255123138428,0.0,0.3333333333333333,0.75,3,16,0.07845231228150118,0.12066894769668579
9,True,-0.14473603321617584,0.43386243386243384,0.0,6,8,0.1014629602432251,0.0,0.3333333333333333,0.46153846153846156,3,13,-0.3572331005508001,0.3439153439153439,0.0,0,8,0.23982101678848267,1.0,1.0,0.07692307692307693,3,13,0.00479894009337453,0.5679012345679012,1.0,6,8,0.1014629602432251,1.0,1.0,0.6153846153846154,3,13,-0.04069501199181602,0.5396825396825397,0.0,1,8,0.22781461477279663,1.0,1.0,0.46153846153846156,3,13,0.21249706733462426,0.13835805654525757
10,True,0.33288759846523974,0.6573770491803279,0.0,26,12,0.008476734161376953,1.0,0.6666666666666666,0.4666666666666667,3,15,0.39205097367053543,0.6885245901639344,0.0,40,12,0.008476734161376953,1.0,0.6666666666666666,0.5333333333333333,3,15,0.23815130778840543,0.5918032786885246,1.0,15,12,0.015886366367340088,0.0,0.3333333333333333,0.4666666666666667,3,15,0.1537124400112271,0.5163934426229508,0.0,17,12,0.022171735763549805,0.0,0.0,0.6,3,15,-0.05916337520529569,0.0
11,True,0.87534692088054,0.9172185430463576,1.0,34,30,0.013377547264099121,0.0,0.6666666666666666,0.6666666666666666,3,12,0.9103757833253637,0.9586092715231788,1.0,30,30,0.0,1.0,0.3333333333333333,1.0,3,12,-0.1943446245267623,0.402317880794702,0.0,28,30,0.010118067264556885,1.0,0.3333333333333333,0.3333333333333333,3,12,-0.00599424384082544,0.478476821192053,0.0,39,30,0.029437661170959473,0.0,0.0,0.25,3,12,-0.03502886244482373,-0.013377547264099121
12,True,0.7684187997607529,0.8398744113029827,0.0,25,28,0.0023540258407592773,1.0,1.0,0.9,3,10,0.8417302042386305,0.8948194662480377,0.0,24,28,0.006409406661987305,1.0,0.3333333333333333,1.0,3,10,-0.2392977907834412,0.3642072213500785,0.0,13,28,0.12506484985351562,1.0,0.6666666666666666,0.5,3,10,-0.12897043146476772,0.41915227629513346,0.0,12,28,0.12506484985351562,1.0,0.3333333333333333,0.5,3,10,-0.07331140447787765,0.004055380821228027
13,True,0.9075210046602267,0.9238805970149254,1.0,23,23,0.0,0.0,0.6666666666666666,0.75,3,12,0.893841592451941,0.9313432835820895,1.0,24,23,0.002269268035888672,1.0,0.6666666666666666,0.6666666666666666,3,12,0.8917716813941081,0.9104477611940298,1.0,22,23,0.008878648281097412,1.0,0.6666666666666666,0.4166666666666667,3,12,0.8086152545490021,0.8641791044776119,1.0,21,23,0.13470810651779175,1.0,1.0,0.5833333333333334,3,12,0.013679412208285724,0.002269268035888672
14,True,0.8479171366565201,0.9717171717171718,1.0,19,17,0.08083152770996094,,,0.8125,0,16,0.8325793519639353,0.9575757575757575,1.0,18,17,0.03227996826171875,,,0.8125,0,16,-0.38354552379286366,0.3090909090909091,0.0,12,17,0.2510322332382202,,,0.4375,0,16,-0.36941861683916705,0.30303030303030304,0.0,11,17,0.2510322332382202,,,0.1875,0,16,0.015337784692584844,-0.04855155944824219
15,True,0.34716294052444163,0.8682170542635659,1.0,0,0,0.0,,,1.0,0,4,0.7243884841424443,1.0,1.0,0,0,0.0,,,1.0,0,4,-0.5037289774357071,0.05813953488372093,0.0,8,0,0.06241220235824585,,,0.25,0,4,-0.15139526917917287,0.29457364341085274,0.0,10,0,0.06242084503173828,,,0.0,0,4,-0.37722554361800265,0.0
16,True,0.9472096725110772,0.945906432748538,1.0,10,10,0.0,,,0.8181818181818182,0,22,0.9286193243353122,0.922514619883041,1.0,7,10,0.09088629484176636,,,0.5909090909090909,0,22,-0.8378229861435327,0.14035087719298245,0.0,40,10,0.2459803819656372,,,0.3181818181818182,0,22,-0.8346796905582584,0.15350877192982457,0.0,40,10,0.2459803819656372,,,0.45454545454545453,0,22,0.018590348175764992,0.09088629484176636
17,True,0.7529272446049001,0.9943661971830986,1.0,3,3,0.0,1.0,1.0,1.0,3,5,0.7499220084428296,0.9802816901408451,1.0,0,3,0.000704348087310791,1.0,1.0,0.4,3,5,0.7191761307847234,0.923943661971831,1.0,0,3,0.000704348087310791,1.0,0.6666666666666666,0.2,3,5,0.7452985681934903,0.9690140845070423,1.0,0,3,0.000704348087310791,1.0,0.6666666666666666,0.4,3,5,0.0030052361620704904,0.000704348087310791
18,False,0.7057537112348149,0.8888888888888888,0.0,31,33,0.00257265567779541,1.0,0.6666666666666666,0.0,3,1,0.6518951949679961,0.8985507246376812,1.0,40,33,0.0,1.0,1.0,1.0,3,1,-0.5586785321985017,0.21739130434782608,0.0,28,33,0.0064116716384887695,1.0,0.6666666666666666,1.0,3,1,-0.2438133601770992,0.33816425120772947,0.0,9,33,0.0075318217277526855,0.0,0.0,0.0,3,1,0.05385851626681881,-0.00257265567779541
19,True,0.9420123726182394,0.9427012278308322,1.0,24,25,0.0048947930335998535,0.0,0.3333333333333333,0.8888888888888888,3,18,0.8743593999320817,0.8758526603001364,1.0,40,25,0.00508880615234375,0.0,0.0,1.0,3,18,-0.28175473330470435,0.39017735334242837,0.0,22,25,0.0492667555809021,0.0,0.0,0.4444444444444444,3,18,0.08348288394213464,0.5347885402455662,1.0,24,25,0.0048947930335998535,1.0,0.6666666666666666,0.3888888888888889,3,18,0.06765297268615778,0.00019401311874389648
20,True,0.5589537593844176,0.7080745341614907,0.0,7,11,0.025384604930877686,1.0,1.0,0.5333333333333333,3,30,0.9417677278843118,0.9279503105590062,1.0,11,11,0.0,1.0,1.0,0.8666666666666667,3,30,0.2565760896440724,0.6124223602484472,0.0,5,11,0.08006978034973145,0.0,0.6666666666666666,0.5,3,30,0.7695537867223267,0.8360248447204969,1.0,14,11,0.0043599605560302734,1.0,1.0,0.8,3,30,-0.38281396849989424,-0.025384604930877686
21,False,,,0.0,8,0,0.0,,,,0,0,,,0.0,34,0,0.0,,,,0,0,,,0.0,11,0,0.0,,,,0,0,,,0.0,40,0,0.0,,,,0,0,,0.0
22,False,,,0.0,12,0,0.0,,,,0,0,,,0.0,24,0,0.0,,,,0,0,,,0.0,7,0,0.0,,,,0,0,,,0.0,14,0,0.0,,,,0,0,,0.0
23,False,0.08489326435093537,0.5339506172839507,1.0,16,13,0.01796412467956543,0.0,0.6666666666666666,0.6666666666666666,3,12,0.79112523866225,0.8595679012345679,0.0,40,13,0.0003936886787414551,1.0,1.0,0.3333333333333333,3,12,-0.6324275517706728,0.23148148148148148,0.0,11,13,0.026192843914031982,0.0,0.3333333333333333,0.5,3,12,-0.3008530032137003,0.3873456790123457,0.0,6,13,0.011734962463378906,0.0,0.6666666666666666,0.75,3,12,-0.7062319743113147,-0.017570436000823975
24,True,0.846833646440713,0.8457516339869281,0.0,25,31,0.023997604846954346,0.0,0.3333333333333333,0.6818181818181818,3,22,0.9870797662546524,0.9908496732026144,1.0,40,31,0.0,0.0,0.3333333333333333,1.0,3,22,-0.3356422479203988,0.3764705882352941,0.0,17,31,0.04674118757247925,1.0,1.0,0.36363636363636365,3,22,-0.755502422516795,0.21568627450980393,0.0,9,31,0.2065691351890564,0.0,0.0,0.5,3,22,-0.14024611981393942,-0.023997604846954346
25,True,0.8736975134578223,0.933786078098472,1.0,6,4,0.021922588348388672,0.0,0.3333333333333333,0.7142857142857143,3,14,0.7781250079202091,0.9151103565365025,1.0,2,4,0.058008432388305664,1.0,1.0,0.8571428571428571,3,14,-0.6673025783077143,0.1697792869269949,1.0,7,4,0.04559856653213501,0.0,0.3333333333333333,0.42857142857142855,3,14,-0.7677058051361284,0.10696095076400679,0.0,25,4,0.17272508144378662,0.0,0.0,0.35714285714285715,3,14,0.0955725055376132,0.03608584403991699
26,False,0.2114002249539205,0.6327160493827161,1.0,10,14,0.044379353523254395,,,0.8,0,10,0.6430992053774556,0.9074074074074074,1.0,12,14,0.02398848533630371,,,0.8,0,10,-0.5116655046524071,0.1882716049382716,0.0,40,14,0.0447811484336853,,,0.5,0,10,-0.6564470011509966,0.06481481481481481,0.0,40,14,0.0447811484336853,,,0.0,0,10,-0.43169898042353505,-0.020390868186950684
27,True,0.8642426910378538,0.926829268292683,1.0,11,12,0.06453442573547363,1.0,1.0,0.6363636363636364,3,11,0.8377020049391932,0.9170731707317074,1.0,12,12,0.0,1.0,0.6666666666666666,0.8181818181818182,3,11,-0.1979415505190317,0.43414634146341463,1.0,12,12,0.0,1.0,0.6666666666666666,0.5454545454545454,3,11,-0.19543596127195537,0.43414634146341463,0.0,19,12,0.21740269660949707,1.0,0.6666666666666666,0.09090909090909091,3,11,0.02654068609866056,-0.06453442573547363
28,False,-0.620409511003631,0.16363636363636364,0.0,20,7,0.020671486854553223,,,0.4166666666666667,0,12,-0.7053555565200205,0.1012987012987013,0.0,39,7,0.020671486854553223,,,0.25,0,12,-0.7885680092707694,0.05194805194805195,0.0,19,7,0.020671486854553223,,,0.4166666666666667,0,12,-0.7677648960830822,0.07272727272727272,0.0,26,7,0.020671486854553223,,,0.3333333333333333,0,12,0.08494604551638951,0.0
29,True,0.7594229508082314,0.9275053304904051,1.0,12,14,0.018802523612976074,1.0,0.6666666666666666,0.7777777777777778,3,9,0.8439177703011419,0.9914712153518124,0.0,39,14,0.0,1.0,1.0,0.7777777777777778,3,9,-0.7503552140821631,0.1044776119402985,0.0,4,14,0.14910858869552612,1.0,0.3333333333333333,0.4444444444444444,3,9,-0.8309344199888168,0.04477611940298507,0.0,4,14,0.14910858869552612,0.0,0.0,0.4444444444444444,3,9,-0.08449481949291049,-0.018802523612976074
30,True,0.951755154613773,0.9937402190923318,0.0,40,23,0.0,1.0,1.0,0.8181818181818182,3,11,0.9445345018514101,0.9906103286384976,1.0,40,23,0.0,1.0,0.6666666666666666,0.9090909090909091,3,11,-0.8148369541325062,0.15492957746478872,0.0,12,23,0.23938310146331787,0.0,0.0,0.6363636363636364,3,11,-0.6863276150960169,0.19874804381846636,0.0,10,23,0.29006731510162354,0.0,0.3333333333333333,0.45454545454545453,3,11,0.007220652762362945,0.0
31,False,0.4989673861215257,0.84375,1.0,17,16,0.0007783174514770508,,,0.7142857142857143,0,7,0.01461430485903762,0.5223214285714286,0.0,28,16,0.002914905548095703,,,0.42857142857142855,0,7,-0.03467575971098927,0.44642857142857145,0.0,6,16,0.002914905548095703,,,0.2857142857142857,0,7,-0.5172135346930314,0.13839285714285715,0.0,6,16,0.002914905548095703,,,0.2857142857142857,0,7,0.48435308126248805,0.0021365880966186523
32,True,0.8940320653010205,0.902046783625731,0.0,36,24,0.0,1.0,0.6666666666666666,0.47368421052631576,3,19,0.45135423919463175,0.6944444444444444,1.0,25,24,0.0,1.0,1.0,0.5263157894736842,3,19,-0.5663167126138491,0.3230994152046784,0.0,10,24,0.0017354488372802734,1.0,0.3333333333333333,0.631578947368421,3,19,-0.5887307797584764,0.28362573099415206,0.0,9,24,0.0009284019470214844,1.0,1.0,0.7368421052631579,3,19,0.4426778261063888,0.0
33,True,0.9288887496711927,0.9257142857142857,1.0,25,24,0.00042629241943359375,1.0,0.3333333333333333,0.7,3,20,0.8805718061032627,0.88,1.0,23,24,0.004609107971191406,1.0,1.0,0.7,3,20,-0.4317091965260973,0.31142857142857144,0.0,4,24,0.1912597417831421,0.0,0.6666666666666666,0.4,3,20,-0.4191360141850002,0.3157142857142857,0.0,0,24,0.1912597417831421,1.0,0.3333333333333333,0.4,3,20,0.04831694356793004,0.0041828155517578125
34,True,0.8928543455221475,0.9555160142348754,1.0,21,23,0.0445249080657959,1.0,0.6666666666666666,0.75,3,4,0.8527165990871689,0.9252669039145908,0.0,21,23,0.0445249080657959,0.0,0.3333333333333333,1.0,3,4,-0.17374311219057195,0.4377224199288256,0.0,18,23,0.12398320436477661,1.0,0.6666666666666666,0.75,3,4,-0.24232345749788975,0.3896797153024911,0.0,18,23,0.12398320436477661,1.0,1.0,1.0,3,4,0.04013774643497858,0.0
35,True,0.6787597704040977,0.7946708463949843,0.0,18,22,0.020325064659118652,0.0,0.3333333333333333,0.8666666666666667,3,15,0.3193515108181705,0.603448275862069,0.0,13,22,0.0672338604927063,1.0,0.6666666666666666,0.6,3,15,0.841191724122891,0.8714733542319749,1.0,29,22,0.0,1.0,1.0,0.5333333333333333,3,15,0.8558914484413338,0.8871473354231975,0.0,40,22,0.0,1.0,1.0,0.5333333333333333,3,15,0.35940825958592726,0.046908795833587646
36,True,0.9021141699912553,0.9474548440065681,1.0,26,24,0.025936245918273926,1.0,0.6666666666666666,0.8571428571428571,3,7,0.8959661027153512,0.9408866995073891,1.0,29,24,0.03003561496734619,0.0,0.0,1.0,3,7,-0.7961288311305189,0.13628899835796388,0.0,14,24,0.42164361476898193,0.0,0.3333333333333333,0.14285714285714285,3,7,-0.7073030233234254,0.20689655172413793,0.0,14,24,0.42164361476898193,1.0,0.6666666666666666,0.14285714285714285,3,7,0.006148067275904112,0.004099369049072266
37,False,0.09537346575741808,0.5502283105022832,0.0,40,11,0.00324404239654541,0.0,0.3333333333333333,0.5,3,8,0.2656530827181181,0.6278538812785388,0.0,18,11,0.00324404239654541,0.0,0.3333333333333333,0.625,3,8,-0.2232414309100627,0.3698630136986301,1.0,2,11,0.0017704963684082031,1.0,0.6666666666666666,0.625,3,8,-0.10001553709959331,0.4497716894977169,1.0,1,11,0.006753981113433838,1.0,1.0,0.5,3,8,-0.17027961696070004,0.0
38,True,0.8838933365322816,0.9491803278688524,1.0,3,4,0.0351986289024353,0.0,0.3333333333333333,0.8666666666666667,3,15,0.8425164190627552,0.9278688524590164,1.0,3,4,0.0351986289024353,1.0,1.0,0.9333333333333333,3,15,-0.6867444944715969,0.21967213114754097,0.0,17,4,0.3795309066772461,1.0,1.0,0.3333333333333333,3,15,-0.711458309430771,0.18032786885245902,0.0,16,4,0.3616809844970703,1.0,1.0,0.3333333333333333,3,15,0.04137691746952643,0.0
39,True,0.9148249008023397,0.9581993569131833,1.0,22,22,0.0,1.0,1.0,0.6666666666666666,3,9,0.8215990132180692,0.8938906752411575,1.0,21,22,0.004836022853851318,0.0,0.3333333333333333,0.8888888888888888,3,9,0.5365994001897777,0.6945337620578779,1.0,10,22,0.2466953992843628,0.0,0.3333333333333333,0.3333333333333333,3,9,0.772325094288194,0.8183279742765274,1.0,26,22,0.00795978307723999,0.0,0.6666666666666666,0.4444444444444444,3,9,0.09322588758427053,0.004836022853851318
40,True,0.961529836084206,0.9523809523809523,1.0,28,28,0.0,1.0,0.6666666666666666,0.75,3,20,0.9323120786341333,0.926530612244898,0.0,40,28,0.0,0.0,0.0,0.75,3,20,-0.759307539066128,0.20680272108843537,0.0,14,28,0.1071852445602417,0.0,0.3333333333333333,0.45,3,20,-0.6677585657225674,0.23129251700680273,0.0,16,28,0.12109148502349854,1.0,0.6666666666666666,0.3,3,20,0.0292177574500726,0.0
41,True,0.6984364094533926,0.8400735294117647,0.0,15,17,0.04351776838302612,0.0,0.3333333333333333,0.8333333333333334,3,12,0.8318893914549473,0.9411764705882353,1.0,16,17,0.001276552677154541,0.0,0.6666666666666666,0.9166666666666666,3,12,0.7693515706921751,0.8933823529411765,0.0,10,17,0.17737478017807007,1.0,0.6666666666666666,0.5833333333333334,3,12,0.8774777093941647,0.9577205882352942,0.0,40,17,0.0,1.0,1.0,0.6666666666666666,3,12,-0.13345298200155475,-0.04224121570587158
42,True,0.8796407831781464,0.9216965742251223,1.0,28,27,0.10916393995285034,1.0,1.0,0.6666666666666666,3,9,0.8362496026477383,0.8727569331158238,0.0,35,27,0.15744870901107788,1.0,0.6666666666666666,0.6666666666666666,3,9,-0.1730107921574146,0.40456769983686786,0.0,23,27,0.19611555337905884,0.0,0.3333333333333333,0.5555555555555556,3,9,0.3234950991032982,0.6199021207177814,0.0,2,27,0.2771058678627014,1.0,0.6666666666666666,0.5555555555555556,3,9,0.043391180530408135,0.04828476905822754
43,True,0.32001290992678166,0.6996904024767802,0.0,8,9,0.0013753771781921387,0.0,0.3333333333333333,1.0,3,3,0.529025475673774,0.8452012383900929,0.0,29,9,0.0,0.0,0.3333333333333333,0.6666666666666666,3,3,-0.7210813257876674,0.021671826625386997,0.0,1,9,0.1436513066291809,0.0,0.3333333333333333,0.3333333333333333,3,3,-0.7204800238148624,0.021671826625386997,0.0,0,9,0.1436513066291809,0.0,0.0,1.0,3,3,-0.20901256574699234,-0.0013753771781921387
44,True,0.4515748671340975,1.0,1.0,17,17,0.0,,,1.0,0,3,0.3792380131506346,0.905982905982906,1.0,15,17,0.057195305824279785,,,0.3333333333333333,0,3,0.24806718459395527,0.7606837606837606,1.0,18,17,0.03046882152557373,,,0.6666666666666666,0,3,-0.1126525939369128,0.36752136752136755,0.0,12,17,0.057195305824279785,,,0.3333333333333333,0,3,0.0723368539834629,0.057195305824279785
45,True,0.8393214125819464,0.9845814977973568,1.0,25,14,0.0,1.0,0.6666666666666666,0.5,3,4,0.834881104912037,0.9933920704845814,0.0,19,14,0.0,1.0,1.0,1.0,3,4,0.4867816361849526,0.7334801762114538,0.0,13,14,0.00584942102432251,0.0,0.6666666666666666,0.25,3,4,0.3003919770178251,0.6277533039647577,0.0,9,14,0.07783091068267822,0.0,0.0,1.0,3,4,0.004440307669909327,0.0
46,False,,,0.0,9,0,0.0,,,,0,0,,,0.0,39,0,0.0,,,,0,0,,,1.0,5,0,0.0,,,,0,0,,,1.0,0,0,0.0,,,,0,0,,0.0
47,True,0.8581061542466226,0.948076923076923,1.0,10,10,0.0,,,0.6875,0,16,0.8701893664832439,0.9692307692307692,1.0,9,10,0.02175283432006836,,,0.8125,0,16,-0.08438440020984792,0.46153846153846156,0.0,0,10,0.19480639696121216,,,0.3125,0,16,0.05744477948557722,0.4980769230769231,0.0,18,10,0.22523856163024902,,,0.25,0,16,-0.012083212236621232,0.02175283432006836
48,True,0.89150071181338,1.0,0.0,30,24,0.0,1.0,1.0,,3,0,0.89150071181338,1.0,0.0,40,24,0.0,1.0,1.0,,3,0,-0.8361971823431505,0.06329113924050633,0.0,19,24,0.17822688817977905,1.0,0.3333333333333333,,3,0,-0.89150071181338,0.0,0.0,17,24,0.17822688817977905,0.0,0.0,,3,0,0.0,0.0
49,False,0.3524276201151184,0.7532467532467533,1.0,2,2,0.0,,0.5,,2,0,-0.07814699402552626,0.512987012987013,0.0,38,2,0.016806185245513916,,0.0,,2,0,-0.09071180482963048,0.5,0.0,18,2,0.016806185245513916,,0.0,,2,0,-0.34783073811361687,0.13636363636363635,0.0,0,2,0.043488144874572754,,0.5,,2,0,0.4305746141406447,0.016806185245513916
50,True,-0.06264821652902068,0.4713541666666667,1.0,0,0,0.0,1.0,0.6666666666666666,0.8333333333333334,3,6,-0.1356819662794298,0.4296875,0.0,33,0,0.0597040057182312,0.0,0.0,0.5,3,6,0.5091144726484942,0.7916666666666666,1.0,1,0,0.009265780448913574,0.0,0.3333333333333333,0.5,3,6,-0.32362661586649183,0.3177083333333333,0.0,6,0,0.06125748157501221,0.0,0.0,0.6666666666666666,3,6,0.07303374975040912,0.0597040057182312
51,True,0.8581481675342023,0.9019607843137255,1.0,17,16,0.017116189002990723,0.0,0.6666666666666666,0.7692307692307693,3,13,0.7961657655708027,0.861236802413273,1.0,12,16,0.16549867391586304,1.0,1.0,0.6923076923076923,3,13,-0.2006272484604777,0.4132730015082956,1.0,21,16,0.24054080247879028,1.0,0.3333333333333333,0.38461538461538464,3,13,0.28707638804100877,0.5957767722473605,1.0,18,16,0.0844985842704773,0.0,0.0,0.6153846153846154,3,13,0.06198240196339966,0.14838248491287231
52,False,0.8974922521296385,0.9885057471264368,0.0,38,18,0.0,1.0,0.6666666666666666,0.5,3,4,0.8608915323858685,0.9693486590038314,1.0,26,18,0.0,1.0,1.0,1.0,3,4,-0.6511635986160123,0.18007662835249041,0.0,5,18,0.026388704776763916,1.0,0.6666666666666666,0.5,3,4,0.7316270856717605,0.8754789272030651,0.0,40,18,0.0,0.0,0.0,0.75,3,4,0.036600719743769994,0.0
53,True,0.37692721007186286,0.7363013698630136,0.0,0,8,0.032857418060302734,0.0,0.6666666666666666,1.0,3,3,0.0999599882421707,0.5856164383561644,0.0,2,8,0.059044480323791504,1.0,1.0,0.0,3,3,-0.5906955476476888,0.10616438356164383,0.0,4,8,0.04587841033935547,1.0,0.3333333333333333,0.0,3,3,-0.6224208839663626,0.07876712328767123,0.0,3,8,0.05861473083496094,0.0,0.0,0.3333333333333333,3,3,0.27696722182969213,0.02618706226348877
54,False,,,1.0,3,0,0.0,,,,0,0,,,0.0,8,0,0.0,,,,0,0,,,1.0,1,0,0.0,,,,0,0,,,0.0,17,0,0.0,,,,0,0,,0.0
55,True,0.7906306638303394,0.8505564387917329,1.0,4,6,0.0998697280883789,0.0,0.5,0.6470588235294118,2,17,0.8161467219386321,0.8998410174880763,1.0,10,6,0.056479454040527344,1.0,1.0,0.7647058823529411,2,17,0.20265991475939044,0.6057233704292527,1.0,10,6,0.056479454040527344,0.0,0.0,0.6470588235294118,2,17,0.897834821637843,0.9300476947535771,1.0,7,6,0.00241696834564209,1.0,1.0,0.6470588235294118,2,17,-0.025516058108292716,-0.04339027404785156
56,False,,,1.0,5,0,0.0,,,,0,0,,,0.0,32,0,0.0,,,,0,0,,,0.0,40,0,0.0,,,,0,0,,,0.0,40,0,0.0,,,,0,0,,0.0
57,True,0.9330427141710219,0.9883720930232558,1.0,30,21,0.0,1.0,1.0,0.7777777777777778,3,9,0.9322054874085555,0.9883720930232558,1.0,28,21,0.0,1.0,1.0,0.8888888888888888,3,9,0.7864350055435514,0.8421926910299004,0.0,20,21,0.005990386009216309,0.0,0.6666666666666666,0.5555555555555556,3,9,0.7867140811310401,0.8604651162790697,1.0,23,21,0.0,1.0,1.0,0.4444444444444444,3,9,0.0008372267624664476,0.0
58,False,0.7318292908583122,0.9253393665158371,1.0,27,27,0.0,1.0,1.0,,3,0,0.6037895061393205,0.8031674208144797,0.0,23,27,0.030132293701171875,1.0,0.3333333333333333,,3,0,-0.7743069445565558,0.10180995475113122,0.0,20,27,0.030132293701171875,1.0,0.6666666666666666,,3,0,-0.6784288119233773,0.15384615384615385,0.0,20,27,0.030132293701171875,0.0,0.6666666666666666,,3,0,0.1280397847189917,0.030132293701171875
59,False,,,1.0,22,0,0.0,,,,0,0,,,1.0,0,0,0.0,,,,0,0,,,1.0,4,0,0.0,,,,0,0,,,0.0,7,0,0.0,,,,0,0,,0.0
60,False,,,1.0,5,0,0.0,,,,0,0,,,1.0,40,0,0.0,,,,0,0,,,1.0,0,0,0.0,,,,0,0,,,1.0,1,0,0.0,,,,0,0,,0.0
61,True,0.9432071095830143,0.9341238471673254,1.0,25,25,0.0,1.0,1.0,0.8181818181818182,3,22,0.871228061571175,0.8669301712779973,1.0,26,25,0.00515979528427124,1.0,0.6666666666666666,0.9090909090909091,3,22,0.35769539140357803,0.6297760210803689,1.0,28,25,0.05443894863128662,0.0,0.3333333333333333,0.5,3,22,0.25843822006206857,0.619235836627141,0.0,40,25,0.06687688827514648,0.0,0.0,0.5909090909090909,3,22,0.0719790480118393,0.00515979528427124
62,True,0.9512910732558747,0.9643366619115549,1.0,33,29,0.09493505954742432,1.0,0.6666666666666666,0.9375,3,16,0.9242004422235763,0.9286733238231099,1.0,27,29,0.2732372283935547,1.0,1.0,0.9375,3,16,-0.10096606894603337,0.4664764621968616,0.0,11,29,0.4664461612701416,0.0,0.6666666666666666,0.5,3,16,0.30352200426318593,0.6134094151212554,0.0,26,29,0.28996598720550537,0.0,0.3333333333333333,0.5625,3,16,0.027090631032298362,0.17830216884613037
63,True,0.95545823860496,0.9876543209876543,1.0,25,24,0.0,1.0,1.0,0.9090909090909091,3,11,0.9365526722398695,0.9629629629629629,1.0,28,24,0.0,1.0,1.0,0.8181818181818182,3,11,-0.49009045115657773,0.3472222222222222,0.0,3,24,0.15310776233673096,1.0,0.6666666666666666,0.5454545454545454,3,11,-0.1985084468334506,0.42901234567901236,0.0,0,24,0.13722145557403564,1.0,1.0,0.45454545454545453,3,11,0.018905566365090554,0.0
64,True,0.6761062632714286,0.761723700887199,0.0,18,35,0.05395597219467163,1.0,0.3333333333333333,0.76,3,25,0.47112496401648274,0.6679340937896071,0.0,20,35,0.05307972431182861,1.0,0.6666666666666666,0.56,3,25,0.7446954874466769,0.7693282636248415,1.0,29,35,0.0253753662109375,1.0,0.3333333333333333,0.56,3,25,0.8848446792646364,0.8745247148288974,1.0,35,35,0.0,1.0,1.0,0.64,3,25,0.2049812992549459,-0.0008762478828430176
65,True,0.8194476576049363,0.8659476117103235,0.0,27,21,0.012814640998840332,0.0,0.0,0.8,3,10,0.9124885447286245,0.9522342064714946,1.0,23,21,0.005279421806335449,1.0,1.0,1.0,3,10,0.5323604066746449,0.6779661016949152,0.0,19,21,0.2555471658706665,0.0,0.0,0.4,3,10,0.6759040321397906,0.8135593220338984,1.0,21,21,0.0,1.0,0.6666666666666666,0.8,3,10,-0.09304088712368819,-0.007535219192504883
66,True,0.6814241412719235,0.7544802867383512,0.0,38,20,0.03785210847854614,0.0,0.3333333333333333,0.5,3,4,0.8167890140800393,0.8799283154121864,1.0,20,20,0.0,0.0,0.0,1.0,3,4,-0.6860239185032673,0.23835125448028674,0.0,18,20,0.22761434316635132,0.0,0.6666666666666666,0.5,3,4,-0.7008558532492327,0.21505376344086022,0.0,2,20,0.22761434316635132,1.0,1.0,0.25,3,4,-0.13536487280811582,-0.03785210847854614
67,True,0.6867515769968668,0.7830065359477124,1.0,12,13,0.03652465343475342,1.0,0.6666666666666666,0.76,3,25,0.7687255101117592,0.8104575163398693,1.0,8,13,0.2767307758331299,1.0,1.0,0.76,3,25,0.4445238819341912,0.6784313725490196,0.0,5,13,0.2694752812385559,1.0,1.0,0.64,3,25,0.4863903971302092,0.7189542483660131,1.0,10,13,0.15882176160812378,1.0,1.0,0.72,3,25,-0.08197393311489232,0.24020612239837646
68,True,0.9104936255349528,0.9303405572755418,1.0,26,38,0.015996158123016357,0.0,0.6666666666666666,0.7333333333333333,3,15,0.9167361710619115,0.9396284829721362,1.0,40,38,0.0,0.0,0.3333333333333333,0.7333333333333333,3,15,-0.3721658759748638,0.3560371517027864,0.0,32,38,0.03172534704208374,0.0,0.3333333333333333,0.3333333333333333,3,15,-0.16946675062890937,0.4071207430340557,0.0,2,38,0.25986844301223755,0.0,0.3333333333333333,0.3333333333333333,3,15,-0.006242545526958687,-0.015996158123016357
69,True,0.8709623024568528,0.88,1.0,30,25,0.0,1.0,0.6666666666666666,0.65,3,20,0.8777877442991626,0.8914285714285715,1.0,27,25,0.0,1.0,1.0,0.75,3,20,0.43126015429962955,0.6342857142857142,0.0,19,25,0.16292321681976318,0.0,0.3333333333333333,0.5,3,20,0.4522753304983203,0.64,0.0,19,25,0.16292321681976318,0.0,0.0,0.45,3,20,-0.006825441842309821,0.0
70,True,0.8314249783921628,0.9064516129032258,0.0,20,21,0.005437910556793213,,0.5,0.7692307692307693,2,13,0.931388856008352,0.9806451612903225,0.0,40,21,0.0,,1.0,0.8461538461538461,2,13,-0.7179223937889945,0.20806451612903226,0.0,6,21,0.23860013484954834,,1.0,0.23076923076923078,2,13,-0.7526964699541808,0.16774193548387098,0.0,10,21,0.16862767934799194,,0.0,0.3076923076923077,2,13,-0.09996387761618919,-0.005437910556793213
71,True,0.9058169126189726,0.9489291598023064,1.0,30,28,0.0018576383590698242,0.0,0.5,0.5454545454545454,2,11,0.769123099250696,0.8550247116968699,1.0,34,28,0.0017238259315490723,1.0,1.0,0.8181818181818182,2,11,0.5431560690051067,0.7611202635914333,1.0,29,28,0.0012183785438537598,1.0,1.0,0.5454545454545454,2,11,0.3541232802534576,0.6441515650741351,0.0,32,28,0.002173125743865967,0.0,0.0,0.2727272727272727,2,11,0.13669381336827657,-0.00013381242752075195
72,False,0.5864321967981097,0.90625,1.0,19,21,0.0028616786003112793,,,0.42857142857142855,0,7,0.503794945686097,0.9241071428571429,1.0,20,21,0.0015407204627990723,,,0.8571428571428571,0,7,-0.2946775288849586,0.30357142857142855,0.0,13,21,0.00408250093460083,,,0.14285714285714285,0,7,-0.2790003654907182,0.34375,0.0,13,21,0.00408250093460083,,,0.2857142857142857,0,7,0.0826372511120127,-0.001320958137512207
73,True,0.9305453037140425,0.9399707174231332,1.0,4,1,0.03483259677886963,1.0,0.6666666666666666,0.47368421052631576,3,19,0.9527786122526646,0.972181551976574,1.0,0,1,0.007595956325531006,1.0,1.0,0.7368421052631579,3,19,-0.7651511792194137,0.19912152269399708,0.0,19,1,0.2303258776664734,0.0,0.3333333333333333,0.47368421052631576,3,19,-0.6785678069429905,0.22840409956076135,0.0,22,1,0.2632780075073242,1.0,0.6666666666666666,0.42105263157894735,3,19,-0.022233308538622043,-0.027236640453338623
74,False,,,0.0,11,0,0.0,,,,0,0,,,1.0,2,0,0.0,,,,0,0,,,0.0,11,0,0.0,,,,0,0,,,0.0,24,0,0.0,,,,0,0,,0.0
75,True,0.8121960637060701,0.9364161849710982,1.0,15,16,0.0037084221839904785,0.0,0.3333333333333333,0.7,3,10,0.8041731513694614,0.9383429672447013,0.0,37,16,0.0,0.0,0.0,0.8,3,10,0.6585721497050806,0.8188824662813102,1.0,1,16,0.24178779125213623,1.0,1.0,0.2,3,10,0.8355714626127327,0.9171483622350675,0.0,40,16,0.0,1.0,1.0,0.7,3,10,0.008022912336608679,-0.0037084221839904785
76,True,0.969217683883299,0.9548472775564409,1.0,29,27,0.09564399719238281,0.0,0.6666666666666666,0.8,3,20,0.9656993330932698,0.9601593625498008,1.0,26,27,0.0370485782623291,0.0,0.6666666666666666,0.95,3,20,0.8595330980041381,0.852589641434263,1.0,30,27,0.15213227272033691,1.0,1.0,0.55,3,20,0.8397423748102237,0.848605577689243,1.0,30,27,0.15213227272033691,1.0,1.0,0.7,3,20,0.0035183507900291566,-0.05859541893005371
77,True,0.8528043629063602,0.8538565629228687,1.0,20,19,0.0007255077362060547,1.0,1.0,0.7142857142857143,3,21,0.8832616615815874,0.8903924221921515,1.0,22,19,0.014534056186676025,1.0,1.0,0.8095238095238095,3,21,0.31572885777866283,0.6346414073071719,0.0,28,19,0.07594132423400879,1.0,0.6666666666666666,0.5238095238095238,3,21,0.06463322102591808,0.523680649526387,0.0,10,19,0.08960014581680298,1.0,0.3333333333333333,0.42857142857142855,3,21,-0.030457298675227173,0.01380854845046997
78,True,0.8308820002520125,0.8565279770444764,0.0,23,25,0.025983810424804688,0.0,0.3333333333333333,0.6111111111111112,3,18,0.9555592128303686,0.9684361549497847,1.0,36,25,0.0,1.0,1.0,0.8333333333333334,3,18,-0.4126564226116482,0.3098995695839311,0.0,23,25,0.025983810424804688,0.0,0.3333333333333333,0.5555555555555556,3,18,0.030810002820155714,0.5064562410329986,1.0,24,25,0.005617022514343262,0.0,0.6666666666666666,0.3333333333333333,3,18,-0.12467721257835607,-0.025983810424804688
79,True,0.8597810819017722,0.9156050955414012,1.0,15,16,0.04331749677658081,1.0,0.6666666666666666,0.6363636363636364,3,11,0.8141322468960689,0.8949044585987261,1.0,16,16,0.0,1.0,1.0,0.8181818181818182,3,11,0.23063705750865351,0.5923566878980892,1.0,16,16,0.0,0.0,0.0,0.5454545454545454,3,11,0.20541975752566424,0.5764331210191083,1.0,17,16,0.061553359031677246,0.0,0.0,0.7272727272727273,3,11,0.04564883500570327,-0.04331749677658081
80,True,0.8034804772661703,0.8443759630200308,0.0,6,22,0.005261540412902832,1.0,0.6666666666666666,0.5882352941176471,3,17,-0.2470835554946916,0.4083204930662558,0.0,8,22,0.05467629432678223,0.0,0.3333333333333333,0.4117647058823529,3,17,-0.7093097016578667,0.18489984591679506,0.0,18,22,0.020433783531188965,0.0,0.0,0.5294117647058824,3,17,-0.8247744538169758,0.14329738058551617,0.0,6,22,0.005261540412902832,0.0,0.0,0.7647058823529411,3,17,1.0505640327608619,0.049414753913879395
81,True,0.7344225230566926,0.8645640074211502,1.0,14,16,0.039268314838409424,,0.5,0.8571428571428571,2,7,0.8423978551382141,0.9369202226345084,1.0,14,16,0.039268314838409424,,1.0,1.0,2,7,-0.6547015289735957,0.19666048237476808,0.0,9,16,0.22807568311691284,,0.5,0.14285714285714285,2,7,-0.1251943057438611,0.4712430426716141,1.0,6,16,0.293792188167572,,0.5,0.42857142857142855,2,7,-0.10797533208152144,0.0
82,True,0.7793616812050541,0.9922077922077922,1.0,5,5,0.0,,,0.9090909090909091,0,11,0.7591489767634271,0.9662337662337662,1.0,3,5,0.050716400146484375,,,0.8181818181818182,0,11,-0.007035361214488954,0.4909090909090909,0.0,14,5,0.3399099111557007,,,0.2727272727272727,0,11,0.5401593999124297,0.7740259740259741,0.0,10,5,0.3368944525718689,,,0.45454545454545453,0,11,0.02021270444162704,0.050716400146484375
83,False,0.1634263266230057,0.6086956521739131,0.0,18,23,0.0002804994583129883,1.0,1.0,,1,0,0.1453565861717143,0.5652173913043478,0.0,19,23,0.0002804994583129883,0.0,0.0,,1,0,-0.5801285180246097,0.16183574879227053,0.0,9,23,0.0002804994583129883,0.0,0.0,,1,0,-0.0336436603982608,0.49516908212560384,0.0,6,23,0.0002804994583129883,1.0,1.0,,1,0,0.01806974045129142,0.0
84,True,0.61457337130398,0.9955555555555555,1.0,8,6,0.0,1.0,1.0,0.0,3,1,0.614856715412465,1.0,1.0,16,6,0.0,1.0,1.0,1.0,3,1,-0.61400668308701,0.008888888888888889,0.0,1,6,0.08676046133041382,0.0,0.0,1.0,3,1,-0.6021062305306397,0.03111111111111111,0.0,2,6,0.06645435094833374,0.0,0.0,1.0,3,1,-0.00028334410848496194,0.0
85,False,0.2889606550499014,0.6798679867986799,0.0,7,9,0.007352113723754883,0.0,0.3333333333333333,,3,0,0.4971184558078855,0.8184818481848185,0.0,39,9,0.0,0.0,0.6666666666666666,,3,0,-0.4145065823900297,0.22112211221122113,0.0,3,9,0.009520471096038818,0.0,0.3333333333333333,,3,0,-0.16799757616215052,0.41914191419141916,0.0,0,9,0.009520471096038818,1.0,1.0,,3,0,-0.20815780075798407,-0.007352113723754883
86,True,-0.12594873642152424,0.39768339768339767,0.0,5,7,0.013104259967803955,1.0,0.6666666666666666,1.0,3,2,0.6556508589031877,1.0,1.0,14,7,0.0,1.0,1.0,1.0,3,2,-0.24857603992053992,0.3088803088803089,0.0,4,7,0.019479334354400635,0.0,0.0,0.0,3,2,-0.632400828445628,0.019305019305019305,0.0,0,7,0.05305826663970947,0.0,0.0,0.0,3,2,-0.781599595324712,-0.013104259967803955
87,False,,,1.0,2,0,0.0,,,,0,0,,,1.0,1,0,0.0,,,,0,0,,,0.0,28,0,0.0,,,,0,0,,,0.0,30,0,0.0,,,,0,0,,0.0
88,True,0.952461117049291,0.9250317662007624,1.0,32,31,0.0005780458450317383,0.0,0.3333333333333333,0.5833333333333334,3,24,0.9674935369550056,0.9580686149936467,1.0,30,31,0.0006511211395263672,1.0,1.0,0.9166666666666666,3,24,-0.0522638785094032,0.4701397712833545,0.0,16,31,0.09683150053024292,0.0,0.3333333333333333,0.4583333333333333,3,24,0.7965434594225766,0.8144853875476493,1.0,31,31,0.0,1.0,0.6666666666666666,0.5416666666666666,3,24,-0.015032419905714578,7.30752944946289e-05
89,True,0.09260154987953838,0.5637065637065637,0.0,2,7,0.08707916736602783,1.0,0.6666666666666666,1.0,3,2,0.15491163150579879,0.6254826254826255,1.0,10,7,0.0,1.0,1.0,1.0,3,2,-0.03228432800678311,0.4594594594594595,0.0,5,7,0.017782211303710938,0.0,0.3333333333333333,0.0,3,2,0.5253178310239524,0.8957528957528957,0.0,19,7,0.0,1.0,1.0,1.0,3,2,-0.06231008162626041,-0.08707916736602783
90,True,0.9031742900034133,0.9742647058823529,1.0,22,22,0.0,1.0,1.0,0.6666666666666666,3,3,0.7293344736830071,0.8382352941176471,0.0,17,22,0.0791163444519043,0.0,0.6666666666666666,1.0,3,3,0.8514564727701981,0.9209558823529411,0.0,40,22,0.0,1.0,1.0,0.3333333333333333,3,3,0.8514564727701981,0.9246323529411765,1.0,27,22,0.0,1.0,1.0,1.0,3,3,0.17383981632040624,0.0791163444519043
91,True,0.9543421989274286,0.9418132611637348,1.0,25,26,0.023532867431640625,0.0,0.3333333333333333,0.8333333333333334,3,18,0.9084730850128095,0.9079837618403248,1.0,27,26,0.005785465240478516,1.0,1.0,0.9444444444444444,3,18,0.7977697427765656,0.8146143437077131,1.0,29,26,0.02839791774749756,0.0,0.3333333333333333,0.5555555555555556,3,18,0.7357582291573788,0.7658998646820027,0.0,24,26,0.2633581757545471,0.0,0.0,0.4444444444444444,3,18,0.04586911391461901,-0.01774740219116211
92,True,0.8496294081540732,0.9954545454545455,1.0,15,15,0.0,1.0,1.0,,3,0,0.8520829162512575,1.0,0.0,40,15,0.0,1.0,1.0,,3,0,0.17266563233933702,0.5909090909090909,1.0,14,15,0.003925204277038574,0.0,0.6666666666666666,,3,0,0.26845467763356956,0.6113636363636363,0.0,10,15,0.08896160125732422,0.0,0.0,,3,0,-0.002453508097184365,0.0
93,True,0.2900602177707321,0.6746575342465754,1.0,4,3,0.007636666297912598,0.0,0.6666666666666666,0.6666666666666666,3,3,0.4209901771811321,0.7808219178082192,1.0,4,3,0.007636666297912598,0.0,0.3333333333333333,0.6666666666666666,3,3,0.04431475549275074,0.5068493150684932,1.0,1,3,0.020880579948425293,0.0,0.0,0.3333333333333333,3,3,-0.11330477256669222,0.4212328767123288,1.0,39,3,0.0988805890083313,1.0,0.3333333333333333,0.3333333333333333,3,3,-0.13092995941039998,0.0
94,True,0.8530023557196,0.9299820466786356,1.0,33,33,0.0,0.0,0.6666666666666666,0.7777777777777778,3,9,0.8566534133358813,0.9281867145421903,1.0,30,33,0.022500336170196533,1.0,1.0,0.8888888888888888,3,9,-0.31418311592735887,0.3518850987432675,0.0,19,33,0.16493147611618042,0.0,0.3333333333333333,0.4444444444444444,3,9,-0.5194109861477988,0.25314183123877915,0.0,24,33,0.14628708362579346,0.0,0.6666666666666666,0.2222222222222222,3,9,-0.0036510576162812614,0.022500336170196533
95,True,0.3707292621717765,0.6257142857142857,1.0,17,17,0.0,0.0,0.3333333333333333,0.65,3,20,0.44033080727427815,0.69,1.0,16,17,0.036406755447387695,1.0,1.0,0.75,3,20,-0.7518763039976049,0.17285714285714285,0.0,7,17,0.17010986804962158,1.0,0.3333333333333333,0.5,3,20,-0.8183345535148322,0.14857142857142858,0.0,4,17,0.41173696517944336,0.0,0.0,0.35,3,20,-0.06960154510250166,0.036406755447387695
96,False,,,1.0,7,0,0.0,,,,0,0,,,0.0,11,0,0.0,,,,0,0,,,1.0,7,0,0.0,,,,0,0,,,1.0,5,0,0.0,,,,0,0,,0.0
97,False,0.2829123601820387,0.6659877800407332,1.0,29,29,0.0,0.0,0.6666666666666666,0.5,3,4,0.043841140560897045,0.5254582484725051,1.0,4,29,0.012562215328216553,1.0,1.0,1.0,3,4,-0.6281613420991029,0.164969450101833,0.0,14,29,0.012562215328216553,0.0,0.3333333333333333,0.5,3,4,-0.7139842891346089,0.1629327902240326,0.0,0,29,0.012562215328216553,1.0,0.3333333333333333,0.0,3,4,0.23907121962114164,0.012562215328216553
98,True,0.9284085075987785,0.918809201623816,1.0,0,26,0.0657770037651062,0.0,0.0,0.8333333333333334,3,18,0.7320534161104288,0.7713125845737483,0.0,23,26,0.2674463391304016,0.0,0.3333333333333333,0.8333333333333334,3,18,-0.5841255237357825,0.3125845737483085,0.0,25,26,0.12479549646377563,1.0,1.0,0.4444444444444444,3,18,-0.6762165909028253,0.2557510148849797,0.0,22,26,0.31895947456359863,1.0,1.0,0.2777777777777778,3,18,0.19635509148834962,0.2016693353652954
99,True,0.1697935822724322,0.7430830039525692,1.0,0,0,0.0,0.0,0.0,0.75,1,4,0.012025041237424376,0.616600790513834,1.0,0,0,0.0,0.0,0.0,0.75,1,4,-0.0692642375275644,0.5652173913043478,1.0,3,0,0.1261560320854187,0.0,0.0,0.5,1,4,-0.4745081272287658,0.23715415019762845,1.0,5,0,0.12738484144210815,0.0,0.0,0.0,1,4,0.15776854103500781,0.0
